bpe/train_base_loss,bpe/train_loss,bpe/train_mtp_loss,bpe/train_stable,bpe/val_base_loss,bpe/val_loss,bpe/val_mtp_loss,bpe/val_stable,epoch,step
81.66163635253906,81.66163635253906,0.0,1.0,,,,,0,4
36.13100051879883,36.13100051879883,0.0,1.0,,,,,0,9
30.086788177490234,30.086788177490234,0.0,1.0,,,,,0,14
23.337467193603516,23.337467193603516,0.0,1.0,,,,,0,19
17.18903350830078,17.18903350830078,0.0,1.0,,,,,0,24
16.466474533081055,16.466474533081055,0.0,1.0,,,,,0,29
14.061638832092285,14.061638832092285,0.0,1.0,,,,,0,34
11.667409896850586,11.667409896850586,0.0,1.0,,,,,0,39
10.504328727722168,10.504328727722168,0.0,1.0,,,,,0,44
8.378477096557617,8.378477096557617,0.0,1.0,,,,,0,49
8.249637603759766,8.249637603759766,0.0,1.0,,,,,0,54
5.557965278625488,5.557965278625488,0.0,1.0,,,,,0,59
3.5416626930236816,3.5416626930236816,0.0,1.0,,,,,0,64
1.505674123764038,1.505674123764038,0.0,1.0,,,,,0,69
1.4084599018096924,1.4084599018096924,0.0,1.0,,,,,0,74
1.0923113822937012,1.0923113822937012,0.0,1.0,,,,,0,79
1.3926115036010742,1.3926115036010742,0.0,1.0,,,,,0,84
1.1750497817993164,1.1750497817993164,0.0,1.0,,,,,0,89
0.8972275257110596,0.8972275257110596,0.0,1.0,,,,,0,94
0.945978581905365,0.945978581905365,0.0,1.0,,,,,0,99
0.9396899342536926,0.9396899342536926,0.0,1.0,,,,,0,104
0.7829669117927551,0.7829669117927551,0.0,1.0,,,,,0,109
0.7973936796188354,0.7973936796188354,0.0,1.0,,,,,0,114
0.8462945818901062,0.8462945818901062,0.0,1.0,,,,,0,119
0.602890133857727,0.602890133857727,0.0,1.0,,,,,0,124
0.6892315149307251,0.6892315149307251,0.0,1.0,,,,,0,129
0.5954948663711548,0.5954948663711548,0.0,1.0,,,,,0,134
0.634572446346283,0.634572446346283,0.0,1.0,,,,,0,139
0.5826117992401123,0.5826117992401123,0.0,1.0,,,,,0,144
0.7227389812469482,0.7227389812469482,0.0,1.0,,,,,0,149
0.45563507080078125,0.45563507080078125,0.0,1.0,,,,,0,154
0.7841448783874512,0.7841448783874512,0.0,1.0,,,,,0,159
0.7361893057823181,0.7361893057823181,0.0,1.0,,,,,0,164
0.8096201419830322,0.8096201419830322,0.0,1.0,,,,,0,169
0.6393288969993591,0.6393288969993591,0.0,1.0,,,,,0,174
0.5729628801345825,0.5729628801345825,0.0,1.0,,,,,0,179
0.6769905090332031,0.6769905090332031,0.0,1.0,,,,,0,184
0.47230619192123413,0.47230619192123413,0.0,1.0,,,,,0,189
0.45803016424179077,0.45803016424179077,0.0,1.0,,,,,0,194
0.748019814491272,0.748019814491272,0.0,1.0,,,,,0,199
0.48751088976860046,0.48751088976860046,0.0,1.0,,,,,0,204
0.49157094955444336,0.49157094955444336,0.0,1.0,,,,,0,209
0.5173122882843018,0.5173122882843018,0.0,1.0,,,,,0,214
0.3293828070163727,0.3293828070163727,0.0,1.0,,,,,0,219
0.4438099265098572,0.4438099265098572,0.0,1.0,,,,,0,224
0.4537086486816406,0.4537086486816406,0.0,1.0,,,,,0,229
0.36867350339889526,0.36867350339889526,0.0,1.0,,,,,0,234
0.30706530809402466,0.30706530809402466,0.0,1.0,,,,,0,239
0.23435243964195251,0.23435243964195251,0.0,1.0,,,,,0,244
0.6128565669059753,0.6128565669059753,0.0,1.0,,,,,0,249
0.3956495523452759,0.3956495523452759,0.0,1.0,,,,,0,254
0.36087363958358765,0.36087363958358765,0.0,1.0,,,,,0,259
0.5504341125488281,0.5504341125488281,0.0,1.0,,,,,0,264
0.3730504810810089,0.3730504810810089,0.0,1.0,,,,,0,269
0.4431307911872864,0.4431307911872864,0.0,1.0,,,,,0,274
0.3245450258255005,0.3245450258255005,0.0,1.0,,,,,0,279
0.45267966389656067,0.45267966389656067,0.0,1.0,,,,,0,284
0.5645580291748047,0.5645580291748047,0.0,1.0,,,,,0,289
0.4024658203125,0.4024658203125,0.0,1.0,,,,,0,294
0.31617119908332825,0.31617119908332825,0.0,1.0,,,,,0,299
0.37405678629875183,0.37405678629875183,0.0,1.0,,,,,0,304
0.2891252040863037,0.2891252040863037,0.0,1.0,,,,,0,309
0.30201420187950134,0.30201420187950134,0.0,1.0,,,,,0,314
0.245509073138237,0.245509073138237,0.0,1.0,,,,,0,319
0.3573136329650879,0.3573136329650879,0.0,1.0,,,,,0,324
0.39672791957855225,0.39672791957855225,0.0,1.0,,,,,0,329
0.33123263716697693,0.33123263716697693,0.0,1.0,,,,,0,334
0.33067506551742554,0.33067506551742554,0.0,1.0,,,,,0,339
0.3427128493785858,0.3427128493785858,0.0,1.0,,,,,0,344
0.30299633741378784,0.30299633741378784,0.0,1.0,,,,,0,349
0.3912443518638611,0.3912443518638611,0.0,1.0,,,,,0,354
0.4412001967430115,0.4412001967430115,0.0,1.0,,,,,0,359
0.2214694619178772,0.2214694619178772,0.0,1.0,,,,,0,364
0.3052154779434204,0.3052154779434204,0.0,1.0,,,,,0,369
0.2420518398284912,0.2420518398284912,0.0,1.0,,,,,0,374
0.24018827080726624,0.24018827080726624,0.0,1.0,,,,,0,379
0.20034043490886688,0.20034043490886688,0.0,1.0,,,,,0,384
0.23243635892868042,0.23243635892868042,0.0,1.0,,,,,0,389
0.3948226869106293,0.3948226869106293,0.0,1.0,,,,,0,394
0.1699516475200653,0.1699516475200653,0.0,1.0,,,,,0,399
0.22246839106082916,0.22246839106082916,0.0,1.0,,,,,0,404
0.20631630718708038,0.20631630718708038,0.0,1.0,,,,,0,409
0.15343433618545532,0.15343433618545532,0.0,1.0,,,,,0,414
0.24306833744049072,0.24306833744049072,0.0,1.0,,,,,0,419
0.328388512134552,0.328388512134552,0.0,1.0,,,,,0,424
0.14833655953407288,0.14833655953407288,0.0,1.0,,,,,0,429
0.3390424847602844,0.3390424847602844,0.0,1.0,,,,,0,434
0.20425502955913544,0.20425502955913544,0.0,1.0,,,,,0,439
0.1451188623905182,0.1451188623905182,0.0,1.0,,,,,0,444
0.2129552662372589,0.2129552662372589,0.0,1.0,,,,,0,449
0.250748872756958,0.250748872756958,0.0,1.0,,,,,0,454
0.16954255104064941,0.16954255104064941,0.0,1.0,,,,,0,459
0.1946030855178833,0.1946030855178833,0.0,1.0,,,,,0,464
0.26191651821136475,0.26191651821136475,0.0,1.0,,,,,0,469
0.2585486173629761,0.2585486173629761,0.0,1.0,,,,,0,474
0.19138118624687195,0.19138118624687195,0.0,1.0,,,,,0,479
0.2188563048839569,0.2188563048839569,0.0,1.0,,,,,0,484
0.1323533058166504,0.1323533058166504,0.0,1.0,,,,,0,489
0.19696231186389923,0.19696231186389923,0.0,1.0,,,,,0,494
0.21338367462158203,0.21338367462158203,0.0,1.0,,,,,0,499
0.2314884066581726,0.2314884066581726,0.0,1.0,,,,,0,504
0.21536597609519958,0.21536597609519958,0.0,1.0,,,,,0,509
0.16147813200950623,0.16147813200950623,0.0,1.0,,,,,0,514
0.19216591119766235,0.19216591119766235,0.0,1.0,,,,,0,519
0.2068907916545868,0.2068907916545868,0.0,1.0,,,,,0,524
0.22798563539981842,0.22798563539981842,0.0,1.0,,,,,0,529
0.23397868871688843,0.23397868871688843,0.0,1.0,,,,,0,534
0.183694526553154,0.183694526553154,0.0,1.0,,,,,0,539
0.16772913932800293,0.16772913932800293,0.0,1.0,,,,,0,544
0.2231610119342804,0.2231610119342804,0.0,1.0,,,,,0,549
0.2492479383945465,0.2492479383945465,0.0,1.0,,,,,0,554
0.15359395742416382,0.15359395742416382,0.0,1.0,,,,,0,559
0.24630145728588104,0.24630145728588104,0.0,1.0,,,,,0,564
0.21412619948387146,0.21412619948387146,0.0,1.0,,,,,0,569
0.11690597981214523,0.11690597981214523,0.0,1.0,,,,,0,574
0.2519098222255707,0.2519098222255707,0.0,1.0,,,,,0,579
0.2040407359600067,0.2040407359600067,0.0,1.0,,,,,0,584
0.28340476751327515,0.28340476751327515,0.0,1.0,,,,,0,589
0.1680733561515808,0.1680733561515808,0.0,1.0,,,,,0,594
0.16589879989624023,0.16589879989624023,0.0,1.0,,,,,0,599
0.1675628274679184,0.1675628274679184,0.0,1.0,,,,,0,604
0.20051702857017517,0.20051702857017517,0.0,1.0,,,,,0,609
0.1626393049955368,0.1626393049955368,0.0,1.0,,,,,0,614
0.1722901463508606,0.1722901463508606,0.0,1.0,,,,,0,619
0.2181832194328308,0.2181832194328308,0.0,1.0,,,,,0,624
0.18073755502700806,0.18073755502700806,0.0,1.0,,,,,0,629
0.18237312138080597,0.18237312138080597,0.0,1.0,,,,,0,634
0.2629725933074951,0.2629725933074951,0.0,1.0,,,,,0,639
0.16082079708576202,0.16082079708576202,0.0,1.0,,,,,0,644
0.24910415709018707,0.24910415709018707,0.0,1.0,,,,,0,649
0.2281654179096222,0.2281654179096222,0.0,1.0,,,,,0,654
0.18365058302879333,0.18365058302879333,0.0,1.0,,,,,0,659
0.1506083756685257,0.1506083756685257,0.0,1.0,,,,,0,664
0.16940253973007202,0.16940253973007202,0.0,1.0,,,,,0,669
0.18027931451797485,0.18027931451797485,0.0,1.0,,,,,0,674
0.15678131580352783,0.15678131580352783,0.0,1.0,,,,,0,679
0.11776374280452728,0.11776374280452728,0.0,1.0,,,,,0,684
0.1288730502128601,0.1288730502128601,0.0,1.0,,,,,0,689
0.16149863600730896,0.16149863600730896,0.0,1.0,,,,,0,694
0.14178922772407532,0.14178922772407532,0.0,1.0,,,,,0,699
0.13411712646484375,0.13411712646484375,0.0,1.0,,,,,0,704
0.0950106605887413,0.0950106605887413,0.0,1.0,,,,,0,709
0.14404737949371338,0.14404737949371338,0.0,1.0,,,,,0,714
0.10823455452919006,0.10823455452919006,0.0,1.0,,,,,0,719
0.15246984362602234,0.15246984362602234,0.0,1.0,,,,,0,724
0.10993565618991852,0.10993565618991852,0.0,1.0,,,,,0,729
0.1514098048210144,0.1514098048210144,0.0,1.0,,,,,0,734
0.18453139066696167,0.18453139066696167,0.0,1.0,,,,,0,739
0.11568000912666321,0.11568000912666321,0.0,1.0,,,,,0,744
0.16914916038513184,0.16914916038513184,0.0,1.0,,,,,0,749
0.15166354179382324,0.15166354179382324,0.0,1.0,,,,,0,754
0.2459430694580078,0.2459430694580078,0.0,1.0,,,,,0,759
0.2436670958995819,0.2436670958995819,0.0,1.0,,,,,0,764
0.23793958127498627,0.23793958127498627,0.0,1.0,,,,,0,769
0.23663443326950073,0.23663443326950073,0.0,1.0,,,,,0,774
0.21744084358215332,0.21744084358215332,0.0,1.0,,,,,0,779
0.19610878825187683,0.19610878825187683,0.0,1.0,,,,,0,784
0.08924038708209991,0.08924038708209991,0.0,1.0,,,,,0,789
0.1278923600912094,0.1278923600912094,0.0,1.0,,,,,0,794
0.1673131287097931,0.1673131287097931,0.0,1.0,,,,,0,799
0.2023317515850067,0.2023317515850067,0.0,1.0,,,,,0,804
0.08329495042562485,0.08329495042562485,0.0,1.0,,,,,0,809
0.11127088218927383,0.11127088218927383,0.0,1.0,,,,,0,814
0.12595660984516144,0.12595660984516144,0.0,1.0,,,,,0,819
0.10558337718248367,0.10558337718248367,0.0,1.0,,,,,0,824
0.16072183847427368,0.16072183847427368,0.0,1.0,,,,,0,829
0.10376075655221939,0.10376075655221939,0.0,1.0,,,,,0,834
0.09803909063339233,0.09803909063339233,0.0,1.0,,,,,0,839
0.16951626539230347,0.16951626539230347,0.0,1.0,,,,,0,844
0.19301101565361023,0.19301101565361023,0.0,1.0,,,,,0,849
0.15108230710029602,0.15108230710029602,0.0,1.0,,,,,0,854
0.16256827116012573,0.16256827116012573,0.0,1.0,,,,,0,859
0.19400161504745483,0.19400161504745483,0.0,1.0,,,,,0,864
0.1696089655160904,0.1696089655160904,0.0,1.0,,,,,0,869
0.12870396673679352,0.12870396673679352,0.0,1.0,,,,,0,874
0.18831118941307068,0.18831118941307068,0.0,1.0,,,,,0,879
0.16809643805027008,0.16809643805027008,0.0,1.0,,,,,0,884
0.14912766218185425,0.14912766218185425,0.0,1.0,,,,,0,889
0.1341869831085205,0.1341869831085205,0.0,1.0,,,,,0,894
0.10699021816253662,0.10699021816253662,0.0,1.0,,,,,0,899
0.070478156208992,0.070478156208992,0.0,1.0,,,,,0,904
0.049571964889764786,0.049571964889764786,0.0,1.0,,,,,0,909
0.12473881244659424,0.12473881244659424,0.0,1.0,,,,,0,914
0.17065149545669556,0.17065149545669556,0.0,1.0,,,,,0,919
0.19056737422943115,0.19056737422943115,0.0,1.0,,,,,0,924
0.10689303278923035,0.10689303278923035,0.0,1.0,,,,,0,929
0.09389186650514603,0.09389186650514603,0.0,1.0,,,,,0,934
0.08853497356176376,0.08853497356176376,0.0,1.0,,,,,0,939
0.07456953078508377,0.07456953078508377,0.0,1.0,,,,,0,944
0.08147382736206055,0.08147382736206055,0.0,1.0,,,,,0,949
0.08464978635311127,0.08464978635311127,0.0,1.0,,,,,0,954
0.09368564188480377,0.09368564188480377,0.0,1.0,,,,,0,959
0.1410660743713379,0.1410660743713379,0.0,1.0,,,,,0,964
0.144761860370636,0.144761860370636,0.0,1.0,,,,,0,969
0.14636266231536865,0.14636266231536865,0.0,1.0,,,,,0,974
0.09828421473503113,0.09828421473503113,0.0,1.0,,,,,0,979
0.1663040816783905,0.1663040816783905,0.0,1.0,,,,,0,984
0.08013574033975601,0.08013574033975601,0.0,1.0,,,,,0,989
0.15569588541984558,0.15569588541984558,0.0,1.0,,,,,0,994
0.16240859031677246,0.16240859031677246,0.0,1.0,,,,,0,999
0.08341415971517563,0.08341415971517563,0.0,1.0,,,,,0,1004
0.10835853964090347,0.10835853964090347,0.0,1.0,,,,,0,1009
0.11547484993934631,0.11547484993934631,0.0,1.0,,,,,0,1014
0.10816635191440582,0.10816635191440582,0.0,1.0,,,,,0,1019
0.09959907829761505,0.09959907829761505,0.0,1.0,,,,,0,1024
0.08595427870750427,0.08595427870750427,0.0,1.0,,,,,0,1029
0.18917624652385712,0.18917624652385712,0.0,1.0,,,,,0,1034
0.1054813414812088,0.1054813414812088,0.0,1.0,,,,,0,1039
0.19439035654067993,0.19439035654067993,0.0,1.0,,,,,0,1044
0.16194525361061096,0.16194525361061096,0.0,1.0,,,,,0,1049
0.17011240124702454,0.17011240124702454,0.0,1.0,,,,,0,1054
0.18389159440994263,0.18389159440994263,0.0,1.0,,,,,0,1059
0.08665662258863449,0.08665662258863449,0.0,1.0,,,,,0,1064
0.1183430552482605,0.1183430552482605,0.0,1.0,,,,,0,1069
0.10864688456058502,0.10864688456058502,0.0,1.0,,,,,0,1074
0.1682642698287964,0.1682642698287964,0.0,1.0,,,,,0,1079
0.11989213526248932,0.11989213526248932,0.0,1.0,,,,,0,1084
0.1671304702758789,0.1671304702758789,0.0,1.0,,,,,0,1089
0.15711015462875366,0.15711015462875366,0.0,1.0,,,,,0,1094
0.1219479888677597,0.1219479888677597,0.0,1.0,,,,,0,1099
0.17415887117385864,0.17415887117385864,0.0,1.0,,,,,0,1104
0.08465836942195892,0.08465836942195892,0.0,1.0,,,,,0,1109
0.10175365209579468,0.10175365209579468,0.0,1.0,,,,,0,1114
0.08062128722667694,0.08062128722667694,0.0,1.0,,,,,0,1119
0.17216019332408905,0.17216019332408905,0.0,1.0,,,,,0,1124
0.12890908122062683,0.12890908122062683,0.0,1.0,,,,,0,1129
0.09862128645181656,0.09862128645181656,0.0,1.0,,,,,0,1134
0.08248443901538849,0.08248443901538849,0.0,1.0,,,,,0,1139
0.14187166094779968,0.14187166094779968,0.0,1.0,,,,,0,1144
0.23315772414207458,0.23315772414207458,0.0,1.0,,,,,0,1149
0.0404217354953289,0.0404217354953289,0.0,1.0,,,,,0,1154
0.06286944448947906,0.06286944448947906,0.0,1.0,,,,,0,1159
0.15170630812644958,0.15170630812644958,0.0,1.0,,,,,0,1164
0.08504018187522888,0.08504018187522888,0.0,1.0,,,,,0,1169
0.14458966255187988,0.14458966255187988,0.0,1.0,,,,,0,1174
0.11683717370033264,0.11683717370033264,0.0,1.0,,,,,0,1179
0.14101606607437134,0.14101606607437134,0.0,1.0,,,,,0,1184
0.09106568992137909,0.09106568992137909,0.0,1.0,,,,,0,1189
0.19251340627670288,0.19251340627670288,0.0,1.0,,,,,0,1194
0.12685158848762512,0.12685158848762512,0.0,1.0,,,,,0,1199
0.12743112444877625,0.12743112444877625,0.0,1.0,,,,,0,1204
0.04977020248770714,0.04977020248770714,0.0,1.0,,,,,0,1209
0.1566905379295349,0.1566905379295349,0.0,1.0,,,,,0,1214
0.1043035238981247,0.1043035238981247,0.0,1.0,,,,,0,1219
0.0953727662563324,0.0953727662563324,0.0,1.0,,,,,0,1224
0.0799485296010971,0.0799485296010971,0.0,1.0,,,,,0,1229
0.1594008505344391,0.1594008505344391,0.0,1.0,,,,,0,1234
0.11671573668718338,0.11671573668718338,0.0,1.0,,,,,0,1239
0.05989288166165352,0.05989288166165352,0.0,1.0,,,,,0,1244
0.09230582416057587,0.09230582416057587,0.0,1.0,,,,,0,1249
0.08872999250888824,0.08872999250888824,0.0,1.0,,,,,0,1254
0.1374310702085495,0.1374310702085495,0.0,1.0,,,,,0,1259
0.1120852380990982,0.1120852380990982,0.0,1.0,,,,,0,1264
0.1160050481557846,0.1160050481557846,0.0,1.0,,,,,0,1269
0.07809816300868988,0.07809816300868988,0.0,1.0,,,,,0,1274
0.11098286509513855,0.11098286509513855,0.0,1.0,,,,,0,1279
0.12292635440826416,0.12292635440826416,0.0,1.0,,,,,0,1284
0.04570203274488449,0.04570203274488449,0.0,1.0,,,,,0,1289
0.07073692232370377,0.07073692232370377,0.0,1.0,,,,,0,1294
0.03712037205696106,0.03712037205696106,0.0,1.0,,,,,0,1299
0.1024542972445488,0.1024542972445488,0.0,1.0,,,,,0,1304
0.13684961199760437,0.13684961199760437,0.0,1.0,,,,,0,1309
0.10707409679889679,0.10707409679889679,0.0,1.0,,,,,0,1314
0.17419695854187012,0.17419695854187012,0.0,1.0,,,,,0,1319
0.16154026985168457,0.16154026985168457,0.0,1.0,,,,,0,1324
0.2597295045852661,0.2597295045852661,0.0,1.0,,,,,0,1329
0.16752304136753082,0.16752304136753082,0.0,1.0,,,,,0,1334
0.07368630170822144,0.07368630170822144,0.0,1.0,,,,,0,1339
0.1004880890250206,0.1004880890250206,0.0,1.0,,,,,0,1344
0.14634281396865845,0.14634281396865845,0.0,1.0,,,,,0,1349
0.08233016729354858,0.08233016729354858,0.0,1.0,,,,,0,1354
0.07975742965936661,0.07975742965936661,0.0,1.0,,,,,0,1359
0.06802310794591904,0.06802310794591904,0.0,1.0,,,,,0,1364
0.12047088146209717,0.12047088146209717,0.0,1.0,,,,,0,1369
0.04678761214017868,0.04678761214017868,0.0,1.0,,,,,0,1374
0.1538228690624237,0.1538228690624237,0.0,1.0,,,,,0,1379
0.06702582538127899,0.06702582538127899,0.0,1.0,,,,,0,1384
0.09125588834285736,0.09125588834285736,0.0,1.0,,,,,0,1389
0.12594111263751984,0.12594111263751984,0.0,1.0,,,,,0,1394
0.10984189063310623,0.10984189063310623,0.0,1.0,,,,,0,1399
0.0664307177066803,0.0664307177066803,0.0,1.0,,,,,0,1404
0.07494115829467773,0.07494115829467773,0.0,1.0,,,,,0,1409
0.12325853109359741,0.12325853109359741,0.0,1.0,,,,,0,1414
0.05867128446698189,0.05867128446698189,0.0,1.0,,,,,0,1419
0.10198739916086197,0.10198739916086197,0.0,1.0,,,,,0,1424
0.07342969626188278,0.07342969626188278,0.0,1.0,,,,,0,1429
0.10634294152259827,0.10634294152259827,0.0,1.0,,,,,0,1434
0.04418322071433067,0.04418322071433067,0.0,1.0,,,,,0,1439
0.08531714230775833,0.08531714230775833,0.0,1.0,,,,,0,1444
0.07728737592697144,0.07728737592697144,0.0,1.0,,,,,0,1449
0.09515810012817383,0.09515810012817383,0.0,1.0,,,,,0,1454
0.07853437960147858,0.07853437960147858,0.0,1.0,,,,,0,1459
0.08619436621665955,0.08619436621665955,0.0,1.0,,,,,0,1464
0.08296877145767212,0.08296877145767212,0.0,1.0,,,,,0,1469
0.10569004714488983,0.10569004714488983,0.0,1.0,,,,,0,1474
0.051490724086761475,0.051490724086761475,0.0,1.0,,,,,0,1479
0.04231034964323044,0.04231034964323044,0.0,1.0,,,,,0,1484
0.060142021626234055,0.060142021626234055,0.0,1.0,,,,,0,1489
0.07692992687225342,0.07692992687225342,0.0,1.0,,,,,0,1494
0.0868363082408905,0.0868363082408905,0.0,1.0,,,,,0,1499
0.09522958099842072,0.09522958099842072,0.0,1.0,,,,,0,1504
0.09472684562206268,0.09472684562206268,0.0,1.0,,,,,0,1509
0.04518599435687065,0.04518599435687065,0.0,1.0,,,,,0,1514
0.09915347397327423,0.09915347397327423,0.0,1.0,,,,,0,1519
0.07512402534484863,0.07512402534484863,0.0,1.0,,,,,0,1524
0.07037995755672455,0.07037995755672455,0.0,1.0,,,,,0,1529
0.0911225825548172,0.0911225825548172,0.0,1.0,,,,,0,1534
0.10025380551815033,0.10025380551815033,0.0,1.0,,,,,0,1539
0.12949596345424652,0.12949596345424652,0.0,1.0,,,,,0,1544
0.06755024194717407,0.06755024194717407,0.0,1.0,,,,,0,1549
0.0555153414607048,0.0555153414607048,0.0,1.0,,,,,0,1554
0.10543768107891083,0.10543768107891083,0.0,1.0,,,,,0,1559
0.06533610075712204,0.06533610075712204,0.0,1.0,,,,,0,1564
0.08568114042282104,0.08568114042282104,0.0,1.0,,,,,0,1569
0.13079404830932617,0.13079404830932617,0.0,1.0,,,,,0,1574
0.0880553275346756,0.0880553275346756,0.0,1.0,,,,,0,1579
0.0915687158703804,0.0915687158703804,0.0,1.0,,,,,0,1584
0.07071849703788757,0.07071849703788757,0.0,1.0,,,,,0,1589
0.11110206693410873,0.11110206693410873,0.0,1.0,,,,,0,1594
0.08937166631221771,0.08937166631221771,0.0,1.0,,,,,0,1599
0.08594128489494324,0.08594128489494324,0.0,1.0,,,,,0,1604
0.10907964408397675,0.10907964408397675,0.0,1.0,,,,,0,1609
0.0963636040687561,0.0963636040687561,0.0,1.0,,,,,0,1614
0.08856548368930817,0.08856548368930817,0.0,1.0,,,,,0,1619
0.12841416895389557,0.12841416895389557,0.0,1.0,,,,,0,1624
0.0823240876197815,0.0823240876197815,0.0,1.0,,,,,0,1629
0.1392209231853485,0.1392209231853485,0.0,1.0,,,,,0,1634
0.1110764592885971,0.1110764592885971,0.0,1.0,,,,,0,1639
0.07012026011943817,0.07012026011943817,0.0,1.0,,,,,0,1644
0.09255272150039673,0.09255272150039673,0.0,1.0,,,,,0,1649
0.05895358324050903,0.05895358324050903,0.0,1.0,,,,,0,1654
0.161432683467865,0.161432683467865,0.0,1.0,,,,,0,1659
0.0317981094121933,0.0317981094121933,0.0,1.0,,,,,0,1664
0.1365114450454712,0.1365114450454712,0.0,1.0,,,,,0,1669
0.09077908843755722,0.09077908843755722,0.0,1.0,,,,,0,1674
0.09768743813037872,0.09768743813037872,0.0,1.0,,,,,0,1679
0.08823452889919281,0.08823452889919281,0.0,1.0,,,,,0,1684
0.0954512283205986,0.0954512283205986,0.0,1.0,,,,,0,1689
0.1583607941865921,0.1583607941865921,0.0,1.0,,,,,0,1694
0.1481088548898697,0.1481088548898697,0.0,1.0,,,,,0,1699
0.0942569449543953,0.0942569449543953,0.0,1.0,,,,,0,1704
0.1059836596250534,0.1059836596250534,0.0,1.0,,,,,0,1709
0.11336208879947662,0.11336208879947662,0.0,1.0,,,,,0,1714
0.13841311633586884,0.13841311633586884,0.0,1.0,,,,,0,1719
0.04447891563177109,0.04447891563177109,0.0,1.0,,,,,0,1724
0.18293669819831848,0.18293669819831848,0.0,1.0,,,,,0,1729
0.09619034081697464,0.09619034081697464,0.0,1.0,,,,,0,1734
0.12114118039608002,0.12114118039608002,0.0,1.0,,,,,0,1739
0.05831253156065941,0.05831253156065941,0.0,1.0,,,,,0,1744
0.014500169083476067,0.014500169083476067,0.0,1.0,,,,,0,1749
0.08842367678880692,0.08842367678880692,0.0,1.0,,,,,0,1754
0.07750319689512253,0.07750319689512253,0.0,1.0,,,,,0,1759
0.10465331375598907,0.10465331375598907,0.0,1.0,,,,,0,1764
0.10135909914970398,0.10135909914970398,0.0,1.0,,,,,0,1769
0.06773269921541214,0.06773269921541214,0.0,1.0,,,,,0,1774
0.044168621301651,0.044168621301651,0.0,1.0,,,,,0,1779
0.09843819588422775,0.09843819588422775,0.0,1.0,,,,,0,1784
0.09108652174472809,0.09108652174472809,0.0,1.0,,,,,0,1789
0.06792324781417847,0.06792324781417847,0.0,1.0,,,,,0,1794
0.09339223802089691,0.09339223802089691,0.0,1.0,,,,,0,1799
0.048940062522888184,0.048940062522888184,0.0,1.0,,,,,0,1804
0.11345379799604416,0.11345379799604416,0.0,1.0,,,,,0,1809
0.10363113135099411,0.10363113135099411,0.0,1.0,,,,,0,1814
0.08231914043426514,0.08231914043426514,0.0,1.0,,,,,0,1819
0.0792330726981163,0.0792330726981163,0.0,1.0,,,,,0,1824
0.06902019679546356,0.06902019679546356,0.0,1.0,,,,,0,1829
0.08921312540769577,0.08921312540769577,0.0,1.0,,,,,0,1834
0.08070425689220428,0.08070425689220428,0.0,1.0,,,,,0,1839
0.08194059133529663,0.08194059133529663,0.0,1.0,,,,,0,1844
0.0858299732208252,0.0858299732208252,0.0,1.0,,,,,0,1849
0.07599189877510071,0.07599189877510071,0.0,1.0,,,,,0,1854
0.10219766199588776,0.10219766199588776,0.0,1.0,,,,,0,1859
0.0852314680814743,0.0852314680814743,0.0,1.0,,,,,0,1864
0.04765582084655762,0.04765582084655762,0.0,1.0,,,,,0,1869
0.1104767918586731,0.1104767918586731,0.0,1.0,,,,,0,1874
0.3070504069328308,0.3070504069328308,0.0,1.0,,,,,0,1879
0.07320176064968109,0.07320176064968109,0.0,1.0,,,,,0,1884
0.07745736092329025,0.07745736092329025,0.0,1.0,,,,,0,1889
0.06426666676998138,0.06426666676998138,0.0,1.0,,,,,0,1894
0.06840431690216064,0.06840431690216064,0.0,1.0,,,,,0,1899
0.09121299535036087,0.09121299535036087,0.0,1.0,,,,,0,1904
0.13132372498512268,0.13132372498512268,0.0,1.0,,,,,0,1909
0.08591616153717041,0.08591616153717041,0.0,1.0,,,,,0,1914
0.077678382396698,0.077678382396698,0.0,1.0,,,,,0,1919
0.058038096874952316,0.058038096874952316,0.0,1.0,,,,,0,1924
0.06328202039003372,0.06328202039003372,0.0,1.0,,,,,0,1929
0.047962769865989685,0.047962769865989685,0.0,1.0,,,,,0,1934
0.15616890788078308,0.15616890788078308,0.0,1.0,,,,,0,1939
0.09608728438615799,0.09608728438615799,0.0,1.0,,,,,0,1944
0.04214034974575043,0.04214034974575043,0.0,1.0,,,,,0,1949
0.06484910845756531,0.06484910845756531,0.0,1.0,,,,,0,1954
0.15197712182998657,0.15197712182998657,0.0,1.0,,,,,0,1959
0.11687115579843521,0.11687115579843521,0.0,1.0,,,,,0,1964
0.08476189523935318,0.08476189523935318,0.0,1.0,,,,,0,1969
0.0780029445886612,0.0780029445886612,0.0,1.0,,,,,0,1974
0.10063409805297852,0.10063409805297852,0.0,1.0,,,,,0,1979
0.09205884486436844,0.09205884486436844,0.0,1.0,,,,,0,1984
0.08226114511489868,0.08226114511489868,0.0,1.0,,,,,0,1989
0.13001039624214172,0.13001039624214172,0.0,1.0,,,,,0,1994
0.1851763129234314,0.1851763129234314,0.0,1.0,,,,,0,1999
0.07986538112163544,0.07986538112163544,0.0,1.0,,,,,0,2004
0.05946055054664612,0.05946055054664612,0.0,1.0,,,,,0,2009
0.06636828184127808,0.06636828184127808,0.0,1.0,,,,,0,2014
0.06012339144945145,0.06012339144945145,0.0,1.0,,,,,0,2019
0.17960597574710846,0.17960597574710846,0.0,1.0,,,,,0,2024
0.0941227376461029,0.0941227376461029,0.0,1.0,,,,,0,2029
0.05468357726931572,0.05468357726931572,0.0,1.0,,,,,0,2034
0.07184427976608276,0.07184427976608276,0.0,1.0,,,,,0,2039
0.05506448447704315,0.05506448447704315,0.0,1.0,,,,,0,2044
0.07933016121387482,0.07933016121387482,0.0,1.0,,,,,0,2049
0.046255163848400116,0.046255163848400116,0.0,1.0,,,,,0,2054
0.08013105392456055,0.08013105392456055,0.0,1.0,,,,,0,2059
0.13090801239013672,0.13090801239013672,0.0,1.0,,,,,0,2064
0.09350544959306717,0.09350544959306717,0.0,1.0,,,,,0,2069
0.05530143901705742,0.05530143901705742,0.0,1.0,,,,,0,2074
0.07469090819358826,0.07469090819358826,0.0,1.0,,,,,0,2079
0.049785956740379333,0.049785956740379333,0.0,1.0,,,,,0,2084
0.027271844446659088,0.027271844446659088,0.0,1.0,,,,,0,2089
0.09600932151079178,0.09600932151079178,0.0,1.0,,,,,0,2094
0.09153103828430176,0.09153103828430176,0.0,1.0,,,,,0,2099
0.16496330499649048,0.16496330499649048,0.0,1.0,,,,,0,2104
0.09767525643110275,0.09767525643110275,0.0,1.0,,,,,0,2109
0.07555828243494034,0.07555828243494034,0.0,1.0,,,,,0,2114
0.15891601145267487,0.15891601145267487,0.0,1.0,,,,,0,2119
0.04389254003763199,0.04389254003763199,0.0,1.0,,,,,0,2124
0.03297581896185875,0.03297581896185875,0.0,1.0,,,,,0,2129
0.07004624605178833,0.07004624605178833,0.0,1.0,,,,,0,2134
0.17690277099609375,0.17690277099609375,0.0,1.0,,,,,0,2139
0.06143100932240486,0.06143100932240486,0.0,1.0,,,,,0,2144
0.08008032292127609,0.08008032292127609,0.0,1.0,,,,,0,2149
0.1393585354089737,0.1393585354089737,0.0,1.0,,,,,0,2154
0.11065753549337387,0.11065753549337387,0.0,1.0,,,,,0,2159
0.09299910813570023,0.09299910813570023,0.0,1.0,,,,,0,2164
0.08990808576345444,0.08990808576345444,0.0,1.0,,,,,0,2169
0.09015314280986786,0.09015314280986786,0.0,1.0,,,,,0,2174
0.06284330040216446,0.06284330040216446,0.0,1.0,,,,,0,2179
0.09159179776906967,0.09159179776906967,0.0,1.0,,,,,0,2184
0.06837670505046844,0.06837670505046844,0.0,1.0,,,,,0,2189
0.07785053551197052,0.07785053551197052,0.0,1.0,,,,,0,2194
0.08096657693386078,0.08096657693386078,0.0,1.0,,,,,0,2199
0.08149974048137665,0.08149974048137665,0.0,1.0,,,,,0,2204
0.0827542245388031,0.0827542245388031,0.0,1.0,,,,,0,2209
0.08581537753343582,0.08581537753343582,0.0,1.0,,,,,0,2214
0.0637650266289711,0.0637650266289711,0.0,1.0,,,,,0,2219
0.07862307131290436,0.07862307131290436,0.0,1.0,,,,,0,2224
0.06093625724315643,0.06093625724315643,0.0,1.0,,,,,0,2229
0.059827469289302826,0.059827469289302826,0.0,1.0,,,,,0,2234
0.08840745687484741,0.08840745687484741,0.0,1.0,,,,,0,2239
0.07774531841278076,0.07774531841278076,0.0,1.0,,,,,0,2244
0.0772959291934967,0.0772959291934967,0.0,1.0,,,,,0,2249
0.02594606950879097,0.02594606950879097,0.0,1.0,,,,,0,2254
0.061302684247493744,0.061302684247493744,0.0,1.0,,,,,0,2259
0.06759978830814362,0.06759978830814362,0.0,1.0,,,,,0,2264
0.0548989474773407,0.0548989474773407,0.0,1.0,,,,,0,2269
0.05883844196796417,0.05883844196796417,0.0,1.0,,,,,0,2274
0.06964513659477234,0.06964513659477234,0.0,1.0,,,,,0,2279
0.05636824667453766,0.05636824667453766,0.0,1.0,,,,,0,2284
0.15686021745204926,0.15686021745204926,0.0,1.0,,,,,0,2289
0.03608863055706024,0.03608863055706024,0.0,1.0,,,,,0,2294
0.12495295703411102,0.12495295703411102,0.0,1.0,,,,,0,2299
0.08066806942224503,0.08066806942224503,0.0,1.0,,,,,0,2304
0.12810364365577698,0.12810364365577698,0.0,1.0,,,,,0,2309
0.07089407742023468,0.07089407742023468,0.0,1.0,,,,,0,2314
0.06973637640476227,0.06973637640476227,0.0,1.0,,,,,0,2319
0.042636625468730927,0.042636625468730927,0.0,1.0,,,,,0,2324
0.044457338750362396,0.044457338750362396,0.0,1.0,,,,,0,2329
0.0827760100364685,0.0827760100364685,0.0,1.0,,,,,0,2334
0.06961821764707565,0.06961821764707565,0.0,1.0,,,,,0,2339
0.07005814462900162,0.07005814462900162,0.0,1.0,,,,,0,2344
0.11936019361019135,0.11936019361019135,0.0,1.0,,,,,0,2349
0.19925329089164734,0.19925329089164734,0.0,1.0,,,,,0,2354
0.0904492437839508,0.0904492437839508,0.0,1.0,,,,,0,2359
0.09081947803497314,0.09081947803497314,0.0,1.0,,,,,0,2364
0.03860408812761307,0.03860408812761307,0.0,1.0,,,,,0,2369
0.11878424882888794,0.11878424882888794,0.0,1.0,,,,,0,2374
0.048306383192539215,0.048306383192539215,0.0,1.0,,,,,0,2379
0.0865902453660965,0.0865902453660965,0.0,1.0,,,,,0,2384
0.09921173751354218,0.09921173751354218,0.0,1.0,,,,,0,2389
0.1261039823293686,0.1261039823293686,0.0,1.0,,,,,0,2394
0.04018888622522354,0.04018888622522354,0.0,1.0,,,,,0,2399
0.03438940271735191,0.03438940271735191,0.0,1.0,,,,,0,2404
0.05813919007778168,0.05813919007778168,0.0,1.0,,,,,0,2409
0.06650260090827942,0.06650260090827942,0.0,1.0,,,,,0,2414
0.07315515726804733,0.07315515726804733,0.0,1.0,,,,,0,2419
0.1199149489402771,0.1199149489402771,0.0,1.0,,,,,0,2424
0.07047377526760101,0.07047377526760101,0.0,1.0,,,,,0,2429
0.0749179869890213,0.0749179869890213,0.0,1.0,,,,,0,2434
0.06551353633403778,0.06551353633403778,0.0,1.0,,,,,0,2439
0.03052516095340252,0.03052516095340252,0.0,1.0,,,,,0,2444
0.04799135774374008,0.04799135774374008,0.0,1.0,,,,,0,2449
0.07894943654537201,0.07894943654537201,0.0,1.0,,,,,0,2454
0.10480061173439026,0.10480061173439026,0.0,1.0,,,,,0,2459
0.055270999670028687,0.055270999670028687,0.0,1.0,,,,,0,2464
0.027416011318564415,0.027416011318564415,0.0,1.0,,,,,0,2469
0.02826434001326561,0.02826434001326561,0.0,1.0,,,,,0,2474
0.07284778356552124,0.07284778356552124,0.0,1.0,,,,,0,2479
0.060036174952983856,0.060036174952983856,0.0,1.0,,,,,0,2484
0.07527683675289154,0.07527683675289154,0.0,1.0,,,,,0,2489
0.04771267622709274,0.04771267622709274,0.0,1.0,,,,,0,2494
0.04680134356021881,0.04680134356021881,0.0,1.0,,,,,0,2499
0.038823895156383514,0.038823895156383514,0.0,1.0,,,,,0,2504
0.09238173067569733,0.09238173067569733,0.0,1.0,,,,,0,2509
0.08258878439664841,0.08258878439664841,0.0,1.0,,,,,0,2514
0.037651486694812775,0.037651486694812775,0.0,1.0,,,,,0,2519
0.07605975866317749,0.07605975866317749,0.0,1.0,,,,,0,2524
0.031014829874038696,0.031014829874038696,0.0,1.0,,,,,0,2529
0.06193007528781891,0.06193007528781891,0.0,1.0,,,,,0,2534
0.07260522246360779,0.07260522246360779,0.0,1.0,,,,,0,2539
0.06616952270269394,0.06616952270269394,0.0,1.0,,,,,0,2544
0.04830833524465561,0.04830833524465561,0.0,1.0,,,,,0,2549
0.07086153328418732,0.07086153328418732,0.0,1.0,,,,,0,2554
0.101693294942379,0.101693294942379,0.0,1.0,,,,,0,2559
0.06419889628887177,0.06419889628887177,0.0,1.0,,,,,0,2564
0.11256331205368042,0.11256331205368042,0.0,1.0,,,,,0,2569
0.03947586193680763,0.03947586193680763,0.0,1.0,,,,,0,2574
0.053502157330513,0.053502157330513,0.0,1.0,,,,,0,2579
0.06955583393573761,0.06955583393573761,0.0,1.0,,,,,0,2584
0.051942478865385056,0.051942478865385056,0.0,1.0,,,,,0,2589
0.05335952714085579,0.05335952714085579,0.0,1.0,,,,,0,2594
0.06500936299562454,0.06500936299562454,0.0,1.0,,,,,0,2599
0.041761260479688644,0.041761260479688644,0.0,1.0,,,,,0,2604
0.10941246151924133,0.10941246151924133,0.0,1.0,,,,,0,2609
0.06740791350603104,0.06740791350603104,0.0,1.0,,,,,0,2614
0.06008816882967949,0.06008816882967949,0.0,1.0,,,,,0,2619
0.03104999288916588,0.03104999288916588,0.0,1.0,,,,,0,2624
0.10181114077568054,0.10181114077568054,0.0,1.0,,,,,0,2629
0.060698531568050385,0.060698531568050385,0.0,1.0,,,,,0,2634
0.036866120994091034,0.036866120994091034,0.0,1.0,,,,,0,2639
0.11233270913362503,0.11233270913362503,0.0,1.0,,,,,0,2644
0.07519184798002243,0.07519184798002243,0.0,1.0,,,,,0,2649
0.04763229191303253,0.04763229191303253,0.0,1.0,,,,,0,2654
0.0661064088344574,0.0661064088344574,0.0,1.0,,,,,0,2659
0.05477103963494301,0.05477103963494301,0.0,1.0,,,,,0,2664
0.06752075254917145,0.06752075254917145,0.0,1.0,,,,,0,2669
0.07652950286865234,0.07652950286865234,0.0,1.0,,,,,0,2674
0.034108784049749374,0.034108784049749374,0.0,1.0,,,,,0,2679
0.05071823298931122,0.05071823298931122,0.0,1.0,,,,,0,2684
0.06313605606555939,0.06313605606555939,0.0,1.0,,,,,0,2689
0.05026658624410629,0.05026658624410629,0.0,1.0,,,,,0,2694
0.07459460198879242,0.07459460198879242,0.0,1.0,,,,,0,2699
0.09077773988246918,0.09077773988246918,0.0,1.0,,,,,0,2704
0.06297676265239716,0.06297676265239716,0.0,1.0,,,,,0,2709
0.05610726773738861,0.05610726773738861,0.0,1.0,,,,,0,2714
0.062356654554605484,0.062356654554605484,0.0,1.0,,,,,0,2719
0.050200752913951874,0.050200752913951874,0.0,1.0,,,,,0,2724
0.04058673605322838,0.04058673605322838,0.0,1.0,,,,,0,2729
0.09304247796535492,0.09304247796535492,0.0,1.0,,,,,0,2734
0.024800585582852364,0.024800585582852364,0.0,1.0,,,,,0,2739
,,,,0.0507945753633976,0.0507945753633976,0.0,1.0,0,2742
