bpe/train_base_loss,bpe/train_loss,bpe/train_mtp_loss,bpe/train_stable,bpe/train_token_acc,bpe/train_top10_acc,bpe/train_top5_acc,bpe/val_base_loss,bpe/val_loss,bpe/val_mtp_loss,bpe/val_stable,bpe/val_token_acc,bpe/val_top10_acc,bpe/val_top5_acc,epoch,step
80.94587707519531,80.94587707519531,0.0,1.0,,,,,,,,,,,0,4
37.50748062133789,37.50748062133789,0.0,1.0,,,,,,,,,,,0,9
31.9899959564209,31.9899959564209,0.0,1.0,,,,,,,,,,,0,14
24.448749542236328,24.448749542236328,0.0,1.0,,,,,,,,,,,0,19
18.05611801147461,18.05611801147461,0.0,1.0,,,,,,,,,,,0,24
18.341259002685547,18.341259002685547,0.0,1.0,,,,,,,,,,,0,29
15.449895858764648,15.449895858764648,0.0,1.0,,,,,,,,,,,0,34
13.399640083312988,13.399640083312988,0.0,1.0,,,,,,,,,,,0,39
11.09097671508789,11.09097671508789,0.0,1.0,,,,,,,,,,,0,44
8.705615997314453,8.705615997314453,0.0,1.0,,,,,,,,,,,0,49
8.043538093566895,8.043538093566895,0.0,1.0,,,,,,,,,,,0,54
5.526224136352539,5.526224136352539,0.0,1.0,,,,,,,,,,,0,59
3.686408758163452,3.686408758163452,0.0,1.0,,,,,,,,,,,0,64
1.7814667224884033,1.7814667224884033,0.0,1.0,,,,,,,,,,,0,69
1.3378701210021973,1.3378701210021973,0.0,1.0,,,,,,,,,,,0,74
1.2293109893798828,1.2293109893798828,0.0,1.0,,,,,,,,,,,0,79
1.2666144371032715,1.2666144371032715,0.0,1.0,,,,,,,,,,,0,84
0.8275543451309204,0.8275543451309204,0.0,1.0,,,,,,,,,,,0,89
0.9781962633132935,0.9781962633132935,0.0,1.0,,,,,,,,,,,0,94
1.097783088684082,1.097783088684082,0.0,1.0,,,,,,,,,,,0,99
0.7933093309402466,0.7933093309402466,0.0,1.0,,,,,,,,,,,0,104
0.8197396993637085,0.8197396993637085,0.0,1.0,,,,,,,,,,,0,109
0.8341959714889526,0.8341959714889526,0.0,1.0,,,,,,,,,,,0,114
0.81611168384552,0.81611168384552,0.0,1.0,,,,,,,,,,,0,119
0.6461562514305115,0.6461562514305115,0.0,1.0,,,,,,,,,,,0,124
0.7655997276306152,0.7655997276306152,0.0,1.0,,,,,,,,,,,0,129
0.9334734082221985,0.9334734082221985,0.0,1.0,,,,,,,,,,,0,134
0.7115789651870728,0.7115789651870728,0.0,1.0,,,,,,,,,,,0,139
0.5318776965141296,0.5318776965141296,0.0,1.0,,,,,,,,,,,0,144
0.486734539270401,0.486734539270401,0.0,1.0,,,,,,,,,,,0,149
0.5681917071342468,0.5681917071342468,0.0,1.0,,,,,,,,,,,0,154
0.6238358616828918,0.6238358616828918,0.0,1.0,,,,,,,,,,,0,159
0.5178303718566895,0.5178303718566895,0.0,1.0,,,,,,,,,,,0,164
0.4173363447189331,0.4173363447189331,0.0,1.0,,,,,,,,,,,0,169
0.5698547959327698,0.5698547959327698,0.0,1.0,,,,,,,,,,,0,174
0.5532222986221313,0.5532222986221313,0.0,1.0,,,,,,,,,,,0,179
0.5973647832870483,0.5973647832870483,0.0,1.0,,,,,,,,,,,0,184
0.43141359090805054,0.43141359090805054,0.0,1.0,,,,,,,,,,,0,189
0.4043312072753906,0.4043312072753906,0.0,1.0,,,,,,,,,,,0,194
0.5861343741416931,0.5861343741416931,0.0,1.0,,,,,,,,,,,0,199
0.46351468563079834,0.46351468563079834,0.0,1.0,,,,,,,,,,,0,204
0.5092072486877441,0.5092072486877441,0.0,1.0,,,,,,,,,,,0,209
0.45899099111557007,0.45899099111557007,0.0,1.0,,,,,,,,,,,0,214
0.3692234754562378,0.3692234754562378,0.0,1.0,,,,,,,,,,,0,219
0.3908754587173462,0.3908754587173462,0.0,1.0,,,,,,,,,,,0,224
0.49540263414382935,0.49540263414382935,0.0,1.0,,,,,,,,,,,0,229
0.5419008731842041,0.5419008731842041,0.0,1.0,,,,,,,,,,,0,234
0.34441834688186646,0.34441834688186646,0.0,1.0,,,,,,,,,,,0,239
0.33003032207489014,0.33003032207489014,0.0,1.0,,,,,,,,,,,0,244
0.3547797203063965,0.3547797203063965,0.0,1.0,,,,,,,,,,,0,249
0.46756213903427124,0.46756213903427124,0.0,1.0,,,,,,,,,,,0,254
0.3151778280735016,0.3151778280735016,0.0,1.0,,,,,,,,,,,0,259
0.6328849196434021,0.6328849196434021,0.0,1.0,,,,,,,,,,,0,264
0.5946701765060425,0.5946701765060425,0.0,1.0,,,,,,,,,,,0,269
0.4657791256904602,0.4657791256904602,0.0,1.0,,,,,,,,,,,0,274
0.4582681655883789,0.4582681655883789,0.0,1.0,,,,,,,,,,,0,279
0.4922027587890625,0.4922027587890625,0.0,1.0,,,,,,,,,,,0,284
0.5017008185386658,0.5017008185386658,0.0,1.0,,,,,,,,,,,0,289
0.5102518200874329,0.5102518200874329,0.0,1.0,,,,,,,,,,,0,294
0.3925713896751404,0.3925713896751404,0.0,1.0,,,,,,,,,,,0,299
0.37318336963653564,0.37318336963653564,0.0,1.0,,,,,,,,,,,0,304
0.3059714734554291,0.3059714734554291,0.0,1.0,,,,,,,,,,,0,309
0.35166823863983154,0.35166823863983154,0.0,1.0,,,,,,,,,,,0,314
0.3473438024520874,0.3473438024520874,0.0,1.0,,,,,,,,,,,0,319
0.21160510182380676,0.21160510182380676,0.0,1.0,,,,,,,,,,,0,324
0.4376031458377838,0.4376031458377838,0.0,1.0,,,,,,,,,,,0,329
0.33906295895576477,0.33906295895576477,0.0,1.0,,,,,,,,,,,0,334
0.8157675266265869,0.8157675266265869,0.0,1.0,,,,,,,,,,,0,339
0.3096608519554138,0.3096608519554138,0.0,1.0,,,,,,,,,,,0,344
0.213755801320076,0.213755801320076,0.0,1.0,,,,,,,,,,,0,349
0.44184496998786926,0.44184496998786926,0.0,1.0,,,,,,,,,,,0,354
0.3272089958190918,0.3272089958190918,0.0,1.0,,,,,,,,,,,0,359
0.19385790824890137,0.19385790824890137,0.0,1.0,,,,,,,,,,,0,364
0.26216521859169006,0.26216521859169006,0.0,1.0,,,,,,,,,,,0,369
0.286446213722229,0.286446213722229,0.0,1.0,,,,,,,,,,,0,374
0.35860344767570496,0.35860344767570496,0.0,1.0,,,,,,,,,,,0,379
0.17205487191677094,0.17205487191677094,0.0,1.0,,,,,,,,,,,0,384
0.37378814816474915,0.37378814816474915,0.0,1.0,,,,,,,,,,,0,389
0.2747651934623718,0.2747651934623718,0.0,1.0,,,,,,,,,,,0,394
0.3437192440032959,0.3437192440032959,0.0,1.0,,,,,,,,,,,0,399
0.2034347802400589,0.2034347802400589,0.0,1.0,,,,,,,,,,,0,404
0.2056940197944641,0.2056940197944641,0.0,1.0,,,,,,,,,,,0,409
0.19783374667167664,0.19783374667167664,0.0,1.0,,,,,,,,,,,0,414
0.336767315864563,0.336767315864563,0.0,1.0,,,,,,,,,,,0,419
0.6417694091796875,0.6417694091796875,0.0,1.0,,,,,,,,,,,0,424
0.33756813406944275,0.33756813406944275,0.0,1.0,,,,,,,,,,,0,429
0.3730226159095764,0.3730226159095764,0.0,1.0,,,,,,,,,,,0,434
0.3707755208015442,0.3707755208015442,0.0,1.0,,,,,,,,,,,0,439
0.2088296115398407,0.2088296115398407,0.0,1.0,,,,,,,,,,,0,444
0.3405005931854248,0.3405005931854248,0.0,1.0,,,,,,,,,,,0,449
0.2437971532344818,0.2437971532344818,0.0,1.0,,,,,,,,,,,0,454
0.2863677144050598,0.2863677144050598,0.0,1.0,,,,,,,,,,,0,459
0.3458736538887024,0.3458736538887024,0.0,1.0,,,,,,,,,,,0,464
0.39565297961235046,0.39565297961235046,0.0,1.0,,,,,,,,,,,0,469
0.2930469512939453,0.2930469512939453,0.0,1.0,,,,,,,,,,,0,474
0.2812884449958801,0.2812884449958801,0.0,1.0,,,,,,,,,,,0,479
0.21293386816978455,0.21293386816978455,0.0,1.0,,,,,,,,,,,0,484
0.17123721539974213,0.17123721539974213,0.0,1.0,,,,,,,,,,,0,489
0.24027003347873688,0.24027003347873688,0.0,1.0,,,,,,,,,,,0,494
0.44352132081985474,0.44352132081985474,0.0,1.0,,,,,,,,,,,0,499
0.28847119212150574,0.28847119212150574,0.0,1.0,,,,,,,,,,,0,504
0.23873597383499146,0.23873597383499146,0.0,1.0,,,,,,,,,,,0,509
0.16914181411266327,0.16914181411266327,0.0,1.0,,,,,,,,,,,0,514
0.14074274897575378,0.14074274897575378,0.0,1.0,,,,,,,,,,,0,519
0.30513429641723633,0.30513429641723633,0.0,1.0,,,,,,,,,,,0,524
0.28125399351119995,0.28125399351119995,0.0,1.0,,,,,,,,,,,0,529
0.4384399652481079,0.4384399652481079,0.0,1.0,,,,,,,,,,,0,534
0.3626054525375366,0.3626054525375366,0.0,1.0,,,,,,,,,,,0,539
0.1805925965309143,0.1805925965309143,0.0,1.0,,,,,,,,,,,0,544
0.2661644518375397,0.2661644518375397,0.0,1.0,,,,,,,,,,,0,549
0.1765514612197876,0.1765514612197876,0.0,1.0,,,,,,,,,,,0,554
0.15499137341976166,0.15499137341976166,0.0,1.0,,,,,,,,,,,0,559
0.2508036494255066,0.2508036494255066,0.0,1.0,,,,,,,,,,,0,564
0.2623642385005951,0.2623642385005951,0.0,1.0,,,,,,,,,,,0,569
0.15256409347057343,0.15256409347057343,0.0,1.0,,,,,,,,,,,0,574
0.21143752336502075,0.21143752336502075,0.0,1.0,,,,,,,,,,,0,579
0.08673566579818726,0.08673566579818726,0.0,1.0,,,,,,,,,,,0,584
0.2582785487174988,0.2582785487174988,0.0,1.0,,,,,,,,,,,0,589
0.20699208974838257,0.20699208974838257,0.0,1.0,,,,,,,,,,,0,594
0.20760619640350342,0.20760619640350342,0.0,1.0,,,,,,,,,,,0,599
0.10909644514322281,0.10909644514322281,0.0,1.0,,,,,,,,,,,0,604
0.44827085733413696,0.44827085733413696,0.0,1.0,,,,,,,,,,,0,609
0.23903974890708923,0.23903974890708923,0.0,1.0,,,,,,,,,,,0,614
0.19828364253044128,0.19828364253044128,0.0,1.0,,,,,,,,,,,0,619
0.1885940134525299,0.1885940134525299,0.0,1.0,,,,,,,,,,,0,624
0.24393399059772491,0.24393399059772491,0.0,1.0,,,,,,,,,,,0,629
0.21999019384384155,0.21999019384384155,0.0,1.0,,,,,,,,,,,0,634
0.2181435525417328,0.2181435525417328,0.0,1.0,,,,,,,,,,,0,639
0.15232688188552856,0.15232688188552856,0.0,1.0,,,,,,,,,,,0,644
0.23144996166229248,0.23144996166229248,0.0,1.0,,,,,,,,,,,0,649
0.27935317158699036,0.27935317158699036,0.0,1.0,,,,,,,,,,,0,654
0.2799243927001953,0.2799243927001953,0.0,1.0,,,,,,,,,,,0,659
0.19059067964553833,0.19059067964553833,0.0,1.0,,,,,,,,,,,0,664
0.22065839171409607,0.22065839171409607,0.0,1.0,,,,,,,,,,,0,669
0.2272283434867859,0.2272283434867859,0.0,1.0,,,,,,,,,,,0,674
0.16489112377166748,0.16489112377166748,0.0,1.0,,,,,,,,,,,0,679
0.23920845985412598,0.23920845985412598,0.0,1.0,,,,,,,,,,,0,684
0.1390838325023651,0.1390838325023651,0.0,1.0,,,,,,,,,,,0,689
0.1332102119922638,0.1332102119922638,0.0,1.0,,,,,,,,,,,0,694
0.14620494842529297,0.14620494842529297,0.0,1.0,,,,,,,,,,,0,699
0.14772309362888336,0.14772309362888336,0.0,1.0,,,,,,,,,,,0,704
0.18960976600646973,0.18960976600646973,0.0,1.0,,,,,,,,,,,0,709
0.26575347781181335,0.26575347781181335,0.0,1.0,,,,,,,,,,,0,714
0.15893635153770447,0.15893635153770447,0.0,1.0,,,,,,,,,,,0,719
0.16771547496318817,0.16771547496318817,0.0,1.0,,,,,,,,,,,0,724
0.12303721159696579,0.12303721159696579,0.0,1.0,,,,,,,,,,,0,729
0.09872139990329742,0.09872139990329742,0.0,1.0,,,,,,,,,,,0,734
0.22962725162506104,0.22962725162506104,0.0,1.0,,,,,,,,,,,0,739
0.10092374682426453,0.10092374682426453,0.0,1.0,,,,,,,,,,,0,744
0.1050306111574173,0.1050306111574173,0.0,1.0,,,,,,,,,,,0,749
0.13037109375,0.13037109375,0.0,1.0,,,,,,,,,,,0,754
0.16060636937618256,0.16060636937618256,0.0,1.0,,,,,,,,,,,0,759
0.1412796676158905,0.1412796676158905,0.0,1.0,,,,,,,,,,,0,764
0.1505092829465866,0.1505092829465866,0.0,1.0,,,,,,,,,,,0,769
0.17011533677577972,0.17011533677577972,0.0,1.0,,,,,,,,,,,0,774
0.12289071083068848,0.12289071083068848,0.0,1.0,,,,,,,,,,,0,779
0.21518079936504364,0.21518079936504364,0.0,1.0,,,,,,,,,,,0,784
0.12690496444702148,0.12690496444702148,0.0,1.0,,,,,,,,,,,0,789
0.2785038948059082,0.2785038948059082,0.0,1.0,,,,,,,,,,,0,794
0.19317612051963806,0.19317612051963806,0.0,1.0,,,,,,,,,,,0,799
0.104274682700634,0.104274682700634,0.0,1.0,,,,,,,,,,,0,804
0.1646956354379654,0.1646956354379654,0.0,1.0,,,,,,,,,,,0,809
0.07516137510538101,0.07516137510538101,0.0,1.0,,,,,,,,,,,0,814
0.17106959223747253,0.17106959223747253,0.0,1.0,,,,,,,,,,,0,819
0.10914991796016693,0.10914991796016693,0.0,1.0,,,,,,,,,,,0,824
0.1531355232000351,0.1531355232000351,0.0,1.0,,,,,,,,,,,0,829
0.061895713210105896,0.061895713210105896,0.0,1.0,,,,,,,,,,,0,834
0.06511566787958145,0.06511566787958145,0.0,1.0,,,,,,,,,,,0,839
0.07959204167127609,0.07959204167127609,0.0,1.0,,,,,,,,,,,0,844
0.24640913307666779,0.24640913307666779,0.0,1.0,,,,,,,,,,,0,849
0.13560587167739868,0.13560587167739868,0.0,1.0,,,,,,,,,,,0,854
0.146320179104805,0.146320179104805,0.0,1.0,,,,,,,,,,,0,859
0.17559552192687988,0.17559552192687988,0.0,1.0,,,,,,,,,,,0,864
0.2558908462524414,0.2558908462524414,0.0,1.0,,,,,,,,,,,0,869
0.1308964639902115,0.1308964639902115,0.0,1.0,,,,,,,,,,,0,874
0.14691440761089325,0.14691440761089325,0.0,1.0,,,,,,,,,,,0,879
0.1432601511478424,0.1432601511478424,0.0,1.0,,,,,,,,,,,0,884
0.0862165093421936,0.0862165093421936,0.0,1.0,,,,,,,,,,,0,889
0.16293931007385254,0.16293931007385254,0.0,1.0,,,,,,,,,,,0,894
0.18442337214946747,0.18442337214946747,0.0,1.0,,,,,,,,,,,0,899
0.10989528894424438,0.10989528894424438,0.0,1.0,,,,,,,,,,,0,904
0.09575824439525604,0.09575824439525604,0.0,1.0,,,,,,,,,,,0,909
0.09539374709129333,0.09539374709129333,0.0,1.0,,,,,,,,,,,0,914
0.08119192719459534,0.08119192719459534,0.0,1.0,,,,,,,,,,,0,919
0.13594472408294678,0.13594472408294678,0.0,1.0,,,,,,,,,,,0,924
0.1562463641166687,0.1562463641166687,0.0,1.0,,,,,,,,,,,0,929
0.13146406412124634,0.13146406412124634,0.0,1.0,,,,,,,,,,,0,934
0.12980866432189941,0.12980866432189941,0.0,1.0,,,,,,,,,,,0,939
0.11347257345914841,0.11347257345914841,0.0,1.0,,,,,,,,,,,0,944
0.13873791694641113,0.13873791694641113,0.0,1.0,,,,,,,,,,,0,949
0.0928243026137352,0.0928243026137352,0.0,1.0,,,,,,,,,,,0,954
0.11789744347333908,0.11789744347333908,0.0,1.0,,,,,,,,,,,0,959
0.13956522941589355,0.13956522941589355,0.0,1.0,,,,,,,,,,,0,964
0.07719101011753082,0.07719101011753082,0.0,1.0,,,,,,,,,,,0,969
0.1464834064245224,0.1464834064245224,0.0,1.0,,,,,,,,,,,0,974
0.08988476544618607,0.08988476544618607,0.0,1.0,,,,,,,,,,,0,979
0.10856859385967255,0.10856859385967255,0.0,1.0,,,,,,,,,,,0,984
0.09798383712768555,0.09798383712768555,0.0,1.0,,,,,,,,,,,0,989
0.10093747079372406,0.10093747079372406,0.0,1.0,,,,,,,,,,,0,994
0.10105782747268677,0.10105782747268677,0.0,1.0,,,,,,,,,,,0,999
0.06151817739009857,0.06151817739009857,0.0,1.0,,,,,,,,,,,0,1004
0.07095424830913544,0.07095424830913544,0.0,1.0,,,,,,,,,,,0,1009
0.1252746284008026,0.1252746284008026,0.0,1.0,,,,,,,,,,,0,1014
0.13856175541877747,0.13856175541877747,0.0,1.0,,,,,,,,,,,0,1019
0.08868098258972168,0.08868098258972168,0.0,1.0,,,,,,,,,,,0,1024
0.1324009746313095,0.1324009746313095,0.0,1.0,,,,,,,,,,,0,1029
0.14329485595226288,0.14329485595226288,0.0,1.0,,,,,,,,,,,0,1034
0.19025203585624695,0.19025203585624695,0.0,1.0,,,,,,,,,,,0,1039
0.16383206844329834,0.16383206844329834,0.0,1.0,,,,,,,,,,,0,1044
0.18685902655124664,0.18685902655124664,0.0,1.0,,,,,,,,,,,0,1049
0.19112880527973175,0.19112880527973175,0.0,1.0,,,,,,,,,,,0,1054
0.2004547268152237,0.2004547268152237,0.0,1.0,,,,,,,,,,,0,1059
0.16008257865905762,0.16008257865905762,0.0,1.0,,,,,,,,,,,0,1064
0.16558215022087097,0.16558215022087097,0.0,1.0,,,,,,,,,,,0,1069
0.1041710302233696,0.1041710302233696,0.0,1.0,,,,,,,,,,,0,1074
0.14572450518608093,0.14572450518608093,0.0,1.0,,,,,,,,,,,0,1079
0.09105712175369263,0.09105712175369263,0.0,1.0,,,,,,,,,,,0,1084
0.11080650240182877,0.11080650240182877,0.0,1.0,,,,,,,,,,,0,1089
0.13451392948627472,0.13451392948627472,0.0,1.0,,,,,,,,,,,0,1094
0.07562423497438431,0.07562423497438431,0.0,1.0,,,,,,,,,,,0,1099
0.14714375138282776,0.14714375138282776,0.0,1.0,,,,,,,,,,,0,1104
0.13207152485847473,0.13207152485847473,0.0,1.0,,,,,,,,,,,0,1109
0.12319358438253403,0.12319358438253403,0.0,1.0,,,,,,,,,,,0,1114
0.11800261586904526,0.11800261586904526,0.0,1.0,,,,,,,,,,,0,1119
0.1838126927614212,0.1838126927614212,0.0,1.0,,,,,,,,,,,0,1124
0.1815410852432251,0.1815410852432251,0.0,1.0,,,,,,,,,,,0,1129
0.10382221639156342,0.10382221639156342,0.0,1.0,,,,,,,,,,,0,1134
0.10822547972202301,0.10822547972202301,0.0,1.0,,,,,,,,,,,0,1139
0.16391286253929138,0.16391286253929138,0.0,1.0,,,,,,,,,,,0,1144
0.14451804757118225,0.14451804757118225,0.0,1.0,,,,,,,,,,,0,1149
0.058623671531677246,0.058623671531677246,0.0,1.0,,,,,,,,,,,0,1154
0.14358201622962952,0.14358201622962952,0.0,1.0,,,,,,,,,,,0,1159
0.19879107177257538,0.19879107177257538,0.0,1.0,,,,,,,,,,,0,1164
0.0802641212940216,0.0802641212940216,0.0,1.0,,,,,,,,,,,0,1169
0.23422464728355408,0.23422464728355408,0.0,1.0,,,,,,,,,,,0,1174
0.10660365223884583,0.10660365223884583,0.0,1.0,,,,,,,,,,,0,1179
0.13013125956058502,0.13013125956058502,0.0,1.0,,,,,,,,,,,0,1184
0.06131074205040932,0.06131074205040932,0.0,1.0,,,,,,,,,,,0,1189
0.16049855947494507,0.16049855947494507,0.0,1.0,,,,,,,,,,,0,1194
0.07187659293413162,0.07187659293413162,0.0,1.0,,,,,,,,,,,0,1199
0.07560285925865173,0.07560285925865173,0.0,1.0,,,,,,,,,,,0,1204
0.08764974027872086,0.08764974027872086,0.0,1.0,,,,,,,,,,,0,1209
0.11054921895265579,0.11054921895265579,0.0,1.0,,,,,,,,,,,0,1214
0.10696157813072205,0.10696157813072205,0.0,1.0,,,,,,,,,,,0,1219
0.08234759420156479,0.08234759420156479,0.0,1.0,,,,,,,,,,,0,1224
0.15413692593574524,0.15413692593574524,0.0,1.0,,,,,,,,,,,0,1229
0.11407110095024109,0.11407110095024109,0.0,1.0,,,,,,,,,,,0,1234
0.0960911214351654,0.0960911214351654,0.0,1.0,,,,,,,,,,,0,1239
0.12392617017030716,0.12392617017030716,0.0,1.0,,,,,,,,,,,0,1244
0.0742763876914978,0.0742763876914978,0.0,1.0,,,,,,,,,,,0,1249
0.08164899051189423,0.08164899051189423,0.0,1.0,,,,,,,,,,,0,1254
0.09267200529575348,0.09267200529575348,0.0,1.0,,,,,,,,,,,0,1259
0.09363734722137451,0.09363734722137451,0.0,1.0,,,,,,,,,,,0,1264
0.1258983165025711,0.1258983165025711,0.0,1.0,,,,,,,,,,,0,1269
0.09009090065956116,0.09009090065956116,0.0,1.0,,,,,,,,,,,0,1274
0.1300262212753296,0.1300262212753296,0.0,1.0,,,,,,,,,,,0,1279
0.07750493288040161,0.07750493288040161,0.0,1.0,,,,,,,,,,,0,1284
0.0408259853720665,0.0408259853720665,0.0,1.0,,,,,,,,,,,0,1289
0.05857811123132706,0.05857811123132706,0.0,1.0,,,,,,,,,,,0,1294
0.04231398552656174,0.04231398552656174,0.0,1.0,,,,,,,,,,,0,1299
0.09976527094841003,0.09976527094841003,0.0,1.0,,,,,,,,,,,0,1304
0.17492085695266724,0.17492085695266724,0.0,1.0,,,,,,,,,,,0,1309
0.18698430061340332,0.18698430061340332,0.0,1.0,,,,,,,,,,,0,1314
0.1359752118587494,0.1359752118587494,0.0,1.0,,,,,,,,,,,0,1319
0.1455076038837433,0.1455076038837433,0.0,1.0,,,,,,,,,,,0,1324
0.15212060511112213,0.15212060511112213,0.0,1.0,,,,,,,,,,,0,1329
0.10284058749675751,0.10284058749675751,0.0,1.0,,,,,,,,,,,0,1334
0.0636727511882782,0.0636727511882782,0.0,1.0,,,,,,,,,,,0,1339
0.08602115511894226,0.08602115511894226,0.0,1.0,,,,,,,,,,,0,1344
0.10236191004514694,0.10236191004514694,0.0,1.0,,,,,,,,,,,0,1349
0.10959166288375854,0.10959166288375854,0.0,1.0,,,,,,,,,,,0,1354
0.1633702665567398,0.1633702665567398,0.0,1.0,,,,,,,,,,,0,1359
0.07032140344381332,0.07032140344381332,0.0,1.0,,,,,,,,,,,0,1364
0.08477810025215149,0.08477810025215149,0.0,1.0,,,,,,,,,,,0,1369
0.05941855534911156,0.05941855534911156,0.0,1.0,,,,,,,,,,,0,1374
0.059821926057338715,0.059821926057338715,0.0,1.0,,,,,,,,,,,0,1379
0.13571321964263916,0.13571321964263916,0.0,1.0,,,,,,,,,,,0,1384
0.09726108610630035,0.09726108610630035,0.0,1.0,,,,,,,,,,,0,1389
0.09418831020593643,0.09418831020593643,0.0,1.0,,,,,,,,,,,0,1394
0.07554119825363159,0.07554119825363159,0.0,1.0,,,,,,,,,,,0,1399
0.07195985317230225,0.07195985317230225,0.0,1.0,,,,,,,,,,,0,1404
0.07689523696899414,0.07689523696899414,0.0,1.0,,,,,,,,,,,0,1409
0.07519035041332245,0.07519035041332245,0.0,1.0,,,,,,,,,,,0,1414
0.15269453823566437,0.15269453823566437,0.0,1.0,,,,,,,,,,,0,1419
0.14368905127048492,0.14368905127048492,0.0,1.0,,,,,,,,,,,0,1424
0.06011257320642471,0.06011257320642471,0.0,1.0,,,,,,,,,,,0,1429
0.07477609068155289,0.07477609068155289,0.0,1.0,,,,,,,,,,,0,1434
0.0805249735713005,0.0805249735713005,0.0,1.0,,,,,,,,,,,0,1439
0.09519267082214355,0.09519267082214355,0.0,1.0,,,,,,,,,,,0,1444
0.07439989596605301,0.07439989596605301,0.0,1.0,,,,,,,,,,,0,1449
0.10421533137559891,0.10421533137559891,0.0,1.0,,,,,,,,,,,0,1454
0.047842927277088165,0.047842927277088165,0.0,1.0,,,,,,,,,,,0,1459
0.058181241154670715,0.058181241154670715,0.0,1.0,,,,,,,,,,,0,1464
0.05823471397161484,0.05823471397161484,0.0,1.0,,,,,,,,,,,0,1469
0.13465507328510284,0.13465507328510284,0.0,1.0,,,,,,,,,,,0,1474
0.08484375476837158,0.08484375476837158,0.0,1.0,,,,,,,,,,,0,1479
0.09080836921930313,0.09080836921930313,0.0,1.0,,,,,,,,,,,0,1484
0.05003933981060982,0.05003933981060982,0.0,1.0,,,,,,,,,,,0,1489
0.0784679651260376,0.0784679651260376,0.0,1.0,,,,,,,,,,,0,1494
0.10659998655319214,0.10659998655319214,0.0,1.0,,,,,,,,,,,0,1499
0.0982203334569931,0.0982203334569931,0.0,1.0,,,,,,,,,,,0,1504
0.13904184103012085,0.13904184103012085,0.0,1.0,,,,,,,,,,,0,1509
0.05705646425485611,0.05705646425485611,0.0,1.0,,,,,,,,,,,0,1514
0.0776427686214447,0.0776427686214447,0.0,1.0,,,,,,,,,,,0,1519
0.055226296186447144,0.055226296186447144,0.0,1.0,,,,,,,,,,,0,1524
0.07510793209075928,0.07510793209075928,0.0,1.0,,,,,,,,,,,0,1529
0.10223192721605301,0.10223192721605301,0.0,1.0,,,,,,,,,,,0,1534
0.1309584230184555,0.1309584230184555,0.0,1.0,,,,,,,,,,,0,1539
0.07719805836677551,0.07719805836677551,0.0,1.0,,,,,,,,,,,0,1544
0.052932314574718475,0.052932314574718475,0.0,1.0,,,,,,,,,,,0,1549
0.07469166815280914,0.07469166815280914,0.0,1.0,,,,,,,,,,,0,1554
0.17533034086227417,0.17533034086227417,0.0,1.0,,,,,,,,,,,0,1559
0.06256219744682312,0.06256219744682312,0.0,1.0,,,,,,,,,,,0,1564
0.1584741175174713,0.1584741175174713,0.0,1.0,,,,,,,,,,,0,1569
0.1013278067111969,0.1013278067111969,0.0,1.0,,,,,,,,,,,0,1574
0.10340512543916702,0.10340512543916702,0.0,1.0,,,,,,,,,,,0,1579
0.08593174070119858,0.08593174070119858,0.0,1.0,,,,,,,,,,,0,1584
0.07645578682422638,0.07645578682422638,0.0,1.0,,,,,,,,,,,0,1589
0.1315956711769104,0.1315956711769104,0.0,1.0,,,,,,,,,,,0,1594
0.06164612993597984,0.06164612993597984,0.0,1.0,,,,,,,,,,,0,1599
0.15411674976348877,0.15411674976348877,0.0,1.0,,,,,,,,,,,0,1604
0.12568028271198273,0.12568028271198273,0.0,1.0,,,,,,,,,,,0,1609
0.09385393559932709,0.09385393559932709,0.0,1.0,,,,,,,,,,,0,1614
0.10776057839393616,0.10776057839393616,0.0,1.0,,,,,,,,,,,0,1619
0.08694321662187576,0.08694321662187576,0.0,1.0,,,,,,,,,,,0,1624
0.07387867569923401,0.07387867569923401,0.0,1.0,,,,,,,,,,,0,1629
0.07756854593753815,0.07756854593753815,0.0,1.0,,,,,,,,,,,0,1634
0.11082959175109863,0.11082959175109863,0.0,1.0,,,,,,,,,,,0,1639
0.0869094505906105,0.0869094505906105,0.0,1.0,,,,,,,,,,,0,1644
0.09795266389846802,0.09795266389846802,0.0,1.0,,,,,,,,,,,0,1649
0.06822454929351807,0.06822454929351807,0.0,1.0,,,,,,,,,,,0,1654
0.07576970010995865,0.07576970010995865,0.0,1.0,,,,,,,,,,,0,1659
0.07912960648536682,0.07912960648536682,0.0,1.0,,,,,,,,,,,0,1664
0.09482841938734055,0.09482841938734055,0.0,1.0,,,,,,,,,,,0,1669
0.11623935401439667,0.11623935401439667,0.0,1.0,,,,,,,,,,,0,1674
0.11105669289827347,0.11105669289827347,0.0,1.0,,,,,,,,,,,0,1679
0.09011524170637131,0.09011524170637131,0.0,1.0,,,,,,,,,,,0,1684
0.08395951241254807,0.08395951241254807,0.0,1.0,,,,,,,,,,,0,1689
0.059754628688097,0.059754628688097,0.0,1.0,,,,,,,,,,,0,1694
0.08781377226114273,0.08781377226114273,0.0,1.0,,,,,,,,,,,0,1699
0.07682821154594421,0.07682821154594421,0.0,1.0,,,,,,,,,,,0,1704
0.11906448751688004,0.11906448751688004,0.0,1.0,,,,,,,,,,,0,1709
0.12619991600513458,0.12619991600513458,0.0,1.0,,,,,,,,,,,0,1714
0.1248059794306755,0.1248059794306755,0.0,1.0,,,,,,,,,,,0,1719
0.06305369734764099,0.06305369734764099,0.0,1.0,,,,,,,,,,,0,1724
0.14570921659469604,0.14570921659469604,0.0,1.0,,,,,,,,,,,0,1729
0.054987117648124695,0.054987117648124695,0.0,1.0,,,,,,,,,,,0,1734
0.1450825333595276,0.1450825333595276,0.0,1.0,,,,,,,,,,,0,1739
0.033557191491127014,0.033557191491127014,0.0,1.0,,,,,,,,,,,0,1744
0.028343839570879936,0.028343839570879936,0.0,1.0,,,,,,,,,,,0,1749
0.19855159521102905,0.19855159521102905,0.0,1.0,,,,,,,,,,,0,1754
0.12132609635591507,0.12132609635591507,0.0,1.0,,,,,,,,,,,0,1759
0.06892956048250198,0.06892956048250198,0.0,1.0,,,,,,,,,,,0,1764
0.06513629108667374,0.06513629108667374,0.0,1.0,,,,,,,,,,,0,1769
0.061840418726205826,0.061840418726205826,0.0,1.0,,,,,,,,,,,0,1774
0.08885987848043442,0.08885987848043442,0.0,1.0,,,,,,,,,,,0,1779
0.1102416142821312,0.1102416142821312,0.0,1.0,,,,,,,,,,,0,1784
0.09397085011005402,0.09397085011005402,0.0,1.0,,,,,,,,,,,0,1789
0.0654003918170929,0.0654003918170929,0.0,1.0,,,,,,,,,,,0,1794
0.12036943435668945,0.12036943435668945,0.0,1.0,,,,,,,,,,,0,1799
0.05744639039039612,0.05744639039039612,0.0,1.0,,,,,,,,,,,0,1804
0.06444153189659119,0.06444153189659119,0.0,1.0,,,,,,,,,,,0,1809
0.052595578134059906,0.052595578134059906,0.0,1.0,,,,,,,,,,,0,1814
0.09026218950748444,0.09026218950748444,0.0,1.0,,,,,,,,,,,0,1819
0.084771066904068,0.084771066904068,0.0,1.0,,,,,,,,,,,0,1824
0.06356506794691086,0.06356506794691086,0.0,1.0,,,,,,,,,,,0,1829
0.10819414258003235,0.10819414258003235,0.0,1.0,,,,,,,,,,,0,1834
0.06857265532016754,0.06857265532016754,0.0,1.0,,,,,,,,,,,0,1839
0.05025244876742363,0.05025244876742363,0.0,1.0,,,,,,,,,,,0,1844
0.10628660023212433,0.10628660023212433,0.0,1.0,,,,,,,,,,,0,1849
0.055798158049583435,0.055798158049583435,0.0,1.0,,,,,,,,,,,0,1854
0.06352917104959488,0.06352917104959488,0.0,1.0,,,,,,,,,,,0,1859
0.0319642648100853,0.0319642648100853,0.0,1.0,,,,,,,,,,,0,1864
0.05243333429098129,0.05243333429098129,0.0,1.0,,,,,,,,,,,0,1869
0.07855269312858582,0.07855269312858582,0.0,1.0,,,,,,,,,,,0,1874
0.06701136380434036,0.06701136380434036,0.0,1.0,,,,,,,,,,,0,1879
0.10132668167352676,0.10132668167352676,0.0,1.0,,,,,,,,,,,0,1884
0.06178171560168266,0.06178171560168266,0.0,1.0,,,,,,,,,,,0,1889
0.062252119183540344,0.062252119183540344,0.0,1.0,,,,,,,,,,,0,1894
0.06718386709690094,0.06718386709690094,0.0,1.0,,,,,,,,,,,0,1899
0.06942717730998993,0.06942717730998993,0.0,1.0,,,,,,,,,,,0,1904
0.10105004161596298,0.10105004161596298,0.0,1.0,,,,,,,,,,,0,1909
0.06818833947181702,0.06818833947181702,0.0,1.0,,,,,,,,,,,0,1914
0.08347679674625397,0.08347679674625397,0.0,1.0,,,,,,,,,,,0,1919
0.07894536107778549,0.07894536107778549,0.0,1.0,,,,,,,,,,,0,1924
0.04343288391828537,0.04343288391828537,0.0,1.0,,,,,,,,,,,0,1929
0.06542608141899109,0.06542608141899109,0.0,1.0,,,,,,,,,,,0,1934
0.11383455246686935,0.11383455246686935,0.0,1.0,,,,,,,,,,,0,1939
0.07905007898807526,0.07905007898807526,0.0,1.0,,,,,,,,,,,0,1944
0.04486754164099693,0.04486754164099693,0.0,1.0,,,,,,,,,,,0,1949
0.0763809084892273,0.0763809084892273,0.0,1.0,,,,,,,,,,,0,1954
0.08041940629482269,0.08041940629482269,0.0,1.0,,,,,,,,,,,0,1959
0.08181837201118469,0.08181837201118469,0.0,1.0,,,,,,,,,,,0,1964
0.08779425173997879,0.08779425173997879,0.0,1.0,,,,,,,,,,,0,1969
0.08004441112279892,0.08004441112279892,0.0,1.0,,,,,,,,,,,0,1974
0.10677101463079453,0.10677101463079453,0.0,1.0,,,,,,,,,,,0,1979
0.05009337142109871,0.05009337142109871,0.0,1.0,,,,,,,,,,,0,1984
0.08547809720039368,0.08547809720039368,0.0,1.0,,,,,,,,,,,0,1989
0.10140201449394226,0.10140201449394226,0.0,1.0,,,,,,,,,,,0,1994
0.13174211978912354,0.13174211978912354,0.0,1.0,,,,,,,,,,,0,1999
0.11176881194114685,0.11176881194114685,0.0,1.0,,,,,,,,,,,0,2004
0.05955183878540993,0.05955183878540993,0.0,1.0,,,,,,,,,,,0,2009
0.0655721127986908,0.0655721127986908,0.0,1.0,,,,,,,,,,,0,2014
0.04418753832578659,0.04418753832578659,0.0,1.0,,,,,,,,,,,0,2019
0.10635334253311157,0.10635334253311157,0.0,1.0,,,,,,,,,,,0,2024
0.10268741846084595,0.10268741846084595,0.0,1.0,,,,,,,,,,,0,2029
0.06146170198917389,0.06146170198917389,0.0,1.0,,,,,,,,,,,0,2034
0.06827961653470993,0.06827961653470993,0.0,1.0,,,,,,,,,,,0,2039
0.06483715772628784,0.06483715772628784,0.0,1.0,,,,,,,,,,,0,2044
0.08024704456329346,0.08024704456329346,0.0,1.0,,,,,,,,,,,0,2049
0.057187385857105255,0.057187385857105255,0.0,1.0,,,,,,,,,,,0,2054
0.10341452062129974,0.10341452062129974,0.0,1.0,,,,,,,,,,,0,2059
0.1186547577381134,0.1186547577381134,0.0,1.0,,,,,,,,,,,0,2064
0.07835221290588379,0.07835221290588379,0.0,1.0,,,,,,,,,,,0,2069
0.0617869608104229,0.0617869608104229,0.0,1.0,,,,,,,,,,,0,2074
0.05900958925485611,0.05900958925485611,0.0,1.0,,,,,,,,,,,0,2079
0.04345949739217758,0.04345949739217758,0.0,1.0,,,,,,,,,,,0,2084
0.028456702828407288,0.028456702828407288,0.0,1.0,,,,,,,,,,,0,2089
0.1167759895324707,0.1167759895324707,0.0,1.0,,,,,,,,,,,0,2094
0.07541443407535553,0.07541443407535553,0.0,1.0,,,,,,,,,,,0,2099
0.09203850477933884,0.09203850477933884,0.0,1.0,,,,,,,,,,,0,2104
0.0869893878698349,0.0869893878698349,0.0,1.0,,,,,,,,,,,0,2109
0.13404107093811035,0.13404107093811035,0.0,1.0,,,,,,,,,,,0,2114
0.07885061204433441,0.07885061204433441,0.0,1.0,,,,,,,,,,,0,2119
0.04025585204362869,0.04025585204362869,0.0,1.0,,,,,,,,,,,0,2124
0.037677958607673645,0.037677958607673645,0.0,1.0,,,,,,,,,,,0,2129
0.12877778708934784,0.12877778708934784,0.0,1.0,,,,,,,,,,,0,2134
0.10663020610809326,0.10663020610809326,0.0,1.0,,,,,,,,,,,0,2139
0.04470836743712425,0.04470836743712425,0.0,1.0,,,,,,,,,,,0,2144
0.08842920511960983,0.08842920511960983,0.0,1.0,,,,,,,,,,,0,2149
0.08756225556135178,0.08756225556135178,0.0,1.0,,,,,,,,,,,0,2154
0.07179528474807739,0.07179528474807739,0.0,1.0,,,,,,,,,,,0,2159
0.07476319372653961,0.07476319372653961,0.0,1.0,,,,,,,,,,,0,2164
0.030154887586832047,0.030154887586832047,0.0,1.0,,,,,,,,,,,0,2169
0.09482203423976898,0.09482203423976898,0.0,1.0,,,,,,,,,,,0,2174
0.061990752816200256,0.061990752816200256,0.0,1.0,,,,,,,,,,,0,2179
0.08662530779838562,0.08662530779838562,0.0,1.0,,,,,,,,,,,0,2184
0.07950128614902496,0.07950128614902496,0.0,1.0,,,,,,,,,,,0,2189
0.05756320059299469,0.05756320059299469,0.0,1.0,,,,,,,,,,,0,2194
0.120557501912117,0.120557501912117,0.0,1.0,,,,,,,,,,,0,2199
0.09277123212814331,0.09277123212814331,0.0,1.0,,,,,,,,,,,0,2204
0.09697309881448746,0.09697309881448746,0.0,1.0,,,,,,,,,,,0,2209
0.08819460868835449,0.08819460868835449,0.0,1.0,,,,,,,,,,,0,2214
0.06262035667896271,0.06262035667896271,0.0,1.0,,,,,,,,,,,0,2219
0.10748107731342316,0.10748107731342316,0.0,1.0,,,,,,,,,,,0,2224
0.07343066483736038,0.07343066483736038,0.0,1.0,,,,,,,,,,,0,2229
0.12379147857427597,0.12379147857427597,0.0,1.0,,,,,,,,,,,0,2234
0.09032754600048065,0.09032754600048065,0.0,1.0,,,,,,,,,,,0,2239
0.050372980535030365,0.050372980535030365,0.0,1.0,,,,,,,,,,,0,2244
0.05998730659484863,0.05998730659484863,0.0,1.0,,,,,,,,,,,0,2249
0.028683191165328026,0.028683191165328026,0.0,1.0,,,,,,,,,,,0,2254
0.04698079824447632,0.04698079824447632,0.0,1.0,,,,,,,,,,,0,2259
0.05884590372443199,0.05884590372443199,0.0,1.0,,,,,,,,,,,0,2264
0.06898198276758194,0.06898198276758194,0.0,1.0,,,,,,,,,,,0,2269
0.06764659285545349,0.06764659285545349,0.0,1.0,,,,,,,,,,,0,2274
0.08620008826255798,0.08620008826255798,0.0,1.0,,,,,,,,,,,0,2279
0.03684816136956215,0.03684816136956215,0.0,1.0,,,,,,,,,,,0,2284
0.12821045517921448,0.12821045517921448,0.0,1.0,,,,,,,,,,,0,2289
0.08656348288059235,0.08656348288059235,0.0,1.0,,,,,,,,,,,0,2294
0.057169485837221146,0.057169485837221146,0.0,1.0,,,,,,,,,,,0,2299
0.10454235970973969,0.10454235970973969,0.0,1.0,,,,,,,,,,,0,2304
0.05876540392637253,0.05876540392637253,0.0,1.0,,,,,,,,,,,0,2309
0.05662719905376434,0.05662719905376434,0.0,1.0,,,,,,,,,,,0,2314
0.10971085727214813,0.10971085727214813,0.0,1.0,,,,,,,,,,,0,2319
0.09196193516254425,0.09196193516254425,0.0,1.0,,,,,,,,,,,0,2324
0.06027642637491226,0.06027642637491226,0.0,1.0,,,,,,,,,,,0,2329
0.06599825620651245,0.06599825620651245,0.0,1.0,,,,,,,,,,,0,2334
0.0565631277859211,0.0565631277859211,0.0,1.0,,,,,,,,,,,0,2339
0.14459210634231567,0.14459210634231567,0.0,1.0,,,,,,,,,,,0,2344
0.05666962265968323,0.05666962265968323,0.0,1.0,,,,,,,,,,,0,2349
0.08227875083684921,0.08227875083684921,0.0,1.0,,,,,,,,,,,0,2354
0.04399761185050011,0.04399761185050011,0.0,1.0,,,,,,,,,,,0,2359
0.07784007489681244,0.07784007489681244,0.0,1.0,,,,,,,,,,,0,2364
0.08603304624557495,0.08603304624557495,0.0,1.0,,,,,,,,,,,0,2369
0.08853858709335327,0.08853858709335327,0.0,1.0,,,,,,,,,,,0,2374
0.08358008414506912,0.08358008414506912,0.0,1.0,,,,,,,,,,,0,2379
0.0701836496591568,0.0701836496591568,0.0,1.0,,,,,,,,,,,0,2384
0.09387406706809998,0.09387406706809998,0.0,1.0,,,,,,,,,,,0,2389
0.10568162798881531,0.10568162798881531,0.0,1.0,,,,,,,,,,,0,2394
0.014496476389467716,0.014496476389467716,0.0,1.0,,,,,,,,,,,0,2399
0.03366842865943909,0.03366842865943909,0.0,1.0,,,,,,,,,,,0,2404
0.056376177817583084,0.056376177817583084,0.0,1.0,,,,,,,,,,,0,2409
0.0531531497836113,0.0531531497836113,0.0,1.0,,,,,,,,,,,0,2414
0.08057568967342377,0.08057568967342377,0.0,1.0,,,,,,,,,,,0,2419
0.08476157486438751,0.08476157486438751,0.0,1.0,,,,,,,,,,,0,2424
0.07376335561275482,0.07376335561275482,0.0,1.0,,,,,,,,,,,0,2429
0.07354971766471863,0.07354971766471863,0.0,1.0,,,,,,,,,,,0,2434
0.056676849722862244,0.056676849722862244,0.0,1.0,,,,,,,,,,,0,2439
0.015256915241479874,0.015256915241479874,0.0,1.0,,,,,,,,,,,0,2444
0.06104119122028351,0.06104119122028351,0.0,1.0,,,,,,,,,,,0,2449
0.08856066316366196,0.08856066316366196,0.0,1.0,,,,,,,,,,,0,2454
0.08456491678953171,0.08456491678953171,0.0,1.0,,,,,,,,,,,0,2459
0.06333190947771072,0.06333190947771072,0.0,1.0,,,,,,,,,,,0,2464
0.014655015431344509,0.014655015431344509,0.0,1.0,,,,,,,,,,,0,2469
0.030706321820616722,0.030706321820616722,0.0,1.0,,,,,,,,,,,0,2474
0.0715637356042862,0.0715637356042862,0.0,1.0,,,,,,,,,,,0,2479
0.09455510973930359,0.09455510973930359,0.0,1.0,,,,,,,,,,,0,2484
0.08027040958404541,0.08027040958404541,0.0,1.0,,,,,,,,,,,0,2489
0.06544361263513565,0.06544361263513565,0.0,1.0,,,,,,,,,,,0,2494
0.061017848551273346,0.061017848551273346,0.0,1.0,,,,,,,,,,,0,2499
0.07592347264289856,0.07592347264289856,0.0,1.0,,,,,,,,,,,0,2504
0.1349221020936966,0.1349221020936966,0.0,1.0,,,,,,,,,,,0,2509
0.041248805820941925,0.041248805820941925,0.0,1.0,,,,,,,,,,,0,2514
0.03290943801403046,0.03290943801403046,0.0,1.0,,,,,,,,,,,0,2519
0.03754492104053497,0.03754492104053497,0.0,1.0,,,,,,,,,,,0,2524
0.036175940185785294,0.036175940185785294,0.0,1.0,,,,,,,,,,,0,2529
0.05339939147233963,0.05339939147233963,0.0,1.0,,,,,,,,,,,0,2534
0.025491612032055855,0.025491612032055855,0.0,1.0,,,,,,,,,,,0,2539
0.10980721563100815,0.10980721563100815,0.0,1.0,,,,,,,,,,,0,2544
0.07098940014839172,0.07098940014839172,0.0,1.0,,,,,,,,,,,0,2549
0.11126334965229034,0.11126334965229034,0.0,1.0,,,,,,,,,,,0,2554
0.10698326677083969,0.10698326677083969,0.0,1.0,,,,,,,,,,,0,2559
0.10419470071792603,0.10419470071792603,0.0,1.0,,,,,,,,,,,0,2564
0.10639182478189468,0.10639182478189468,0.0,1.0,,,,,,,,,,,0,2569
0.05982071906328201,0.05982071906328201,0.0,1.0,,,,,,,,,,,0,2574
0.054488882422447205,0.054488882422447205,0.0,1.0,,,,,,,,,,,0,2579
0.0654003769159317,0.0654003769159317,0.0,1.0,,,,,,,,,,,0,2584
0.05237196758389473,0.05237196758389473,0.0,1.0,,,,,,,,,,,0,2589
0.07626095414161682,0.07626095414161682,0.0,1.0,,,,,,,,,,,0,2594
0.04142782837152481,0.04142782837152481,0.0,1.0,,,,,,,,,,,0,2599
0.0415593758225441,0.0415593758225441,0.0,1.0,,,,,,,,,,,0,2604
0.0643492266535759,0.0643492266535759,0.0,1.0,,,,,,,,,,,0,2609
0.0884605422616005,0.0884605422616005,0.0,1.0,,,,,,,,,,,0,2614
0.07239562273025513,0.07239562273025513,0.0,1.0,,,,,,,,,,,0,2619
0.020636141300201416,0.020636141300201416,0.0,1.0,,,,,,,,,,,0,2624
0.13032357394695282,0.13032357394695282,0.0,1.0,,,,,,,,,,,0,2629
0.06279036402702332,0.06279036402702332,0.0,1.0,,,,,,,,,,,0,2634
0.060659874230623245,0.060659874230623245,0.0,1.0,,,,,,,,,,,0,2639
0.09776797145605087,0.09776797145605087,0.0,1.0,,,,,,,,,,,0,2644
0.03513471782207489,0.03513471782207489,0.0,1.0,,,,,,,,,,,0,2649
0.03694934397935867,0.03694934397935867,0.0,1.0,,,,,,,,,,,0,2654
0.04813452437520027,0.04813452437520027,0.0,1.0,,,,,,,,,,,0,2659
0.07336179912090302,0.07336179912090302,0.0,1.0,,,,,,,,,,,0,2664
0.07807229459285736,0.07807229459285736,0.0,1.0,,,,,,,,,,,0,2669
0.13196994364261627,0.13196994364261627,0.0,1.0,,,,,,,,,,,0,2674
0.12352460622787476,0.12352460622787476,0.0,1.0,,,,,,,,,,,0,2679
0.06733468174934387,0.06733468174934387,0.0,1.0,,,,,,,,,,,0,2684
0.04455940052866936,0.04455940052866936,0.0,1.0,,,,,,,,,,,0,2689
0.06047789379954338,0.06047789379954338,0.0,1.0,,,,,,,,,,,0,2694
0.07305485010147095,0.07305485010147095,0.0,1.0,,,,,,,,,,,0,2699
0.05007283389568329,0.05007283389568329,0.0,1.0,,,,,,,,,,,0,2704
0.05148288607597351,0.05148288607597351,0.0,1.0,,,,,,,,,,,0,2709
0.047010377049446106,0.047010377049446106,0.0,1.0,,,,,,,,,,,0,2714
0.07071293145418167,0.07071293145418167,0.0,1.0,,,,,,,,,,,0,2719
0.08380123972892761,0.08380123972892761,0.0,1.0,,,,,,,,,,,0,2724
0.03768359124660492,0.03768359124660492,0.0,1.0,,,,,,,,,,,0,2729
0.08752409368753433,0.08752409368753433,0.0,1.0,,,,,,,,,,,0,2734
0.032141245901584625,0.032141245901584625,0.0,1.0,,,,,,,,,,,0,2739
,,,,,,,0.05454707145690918,0.05454707145690918,0.0,1.0,0.9801167249679565,1.0,0.9991791248321533,0,2742
,,,,0.9377150535583496,0.9866944551467896,0.9846121668815613,,,,,,,,0,2742
