epoch,step,train/bit_balance_loss,train/bit_density,train/bits_per_token,train/exact_chunk_acc,train/loss,train/token_acc,train/token_ce,val/bit_balance_loss,val/bit_density,val/bits_per_token,val/exact_chunk_acc,val/loss,val/token_acc,val/token_ce
0,4,0.0726318359375,0.5029296875,4.0,0.0,10.802850723266602,0.0,10.8021240234375,,,,,,,
0,9,0.0831756591796875,0.527587890625,4.0,0.0,10.762611389160156,0.00390625,10.76177978515625,,,,,,,
0,14,0.07684326171875,0.53173828125,4.0,0.0,10.723058700561523,0.0146484375,10.7222900390625,,,,,,,
0,19,0.0766754150390625,0.564697265625,4.0,0.0,10.66324234008789,0.017578125,10.6624755859375,,,,,,,
0,24,0.0876617431640625,0.584228515625,4.0,0.0,10.513876914978027,0.0390625,10.51300048828125,,,,,,,
0,29,0.0841522216796875,0.575927734375,4.0,0.0,10.30711555480957,0.0361328125,10.3062744140625,,,,,,,
0,34,0.088226318359375,0.58056640625,4.0,0.0,9.959378242492676,0.025390625,9.95849609375,,,,,,,
0,39,0.10711669921875,0.58642578125,4.0,0.0,9.475558280944824,0.044921875,9.4744873046875,,,,,,,
0,44,0.0957794189453125,0.585205078125,4.0,0.0,9.025371551513672,0.04296875,9.0244140625,,,,,,,
0,49,0.1071014404296875,0.595458984375,4.0,0.0,8.2637357711792,0.037109375,8.262664794921875,,,,,,,
0,54,0.10888671875,0.58935546875,4.0,0.0,7.740056991577148,0.044921875,7.7389678955078125,,,,,,,
0,59,0.111663818359375,0.599609375,4.0,0.0,7.489687919616699,0.0419921875,7.4885711669921875,,,,,,,
0,64,0.107147216796875,0.60302734375,4.0,0.0,7.102527141571045,0.04296875,7.1014556884765625,,,,,,,
0,69,0.1153717041015625,0.617919921875,4.0,0.0,6.682062149047852,0.068359375,6.680908203125,,,,,,,
0,74,0.1085357666015625,0.608154296875,4.0,0.0,6.51603889465332,0.0703125,6.51495361328125,,,,,,,
0,79,0.1046142578125,0.59619140625,4.0,0.0,6.556511878967285,0.06640625,6.5554656982421875,,,,,,,
0,84,0.0994110107421875,0.588134765625,4.0,0.0,6.352236270904541,0.0732421875,6.3512420654296875,,,,,,,
0,89,0.0975341796875,0.58984375,4.0,0.0,6.271345615386963,0.064453125,6.2703704833984375,,,,,,,
0,94,0.0870208740234375,0.568603515625,4.0,0.0,6.304352283477783,0.0712890625,6.3034820556640625,,,,,,,
0,99,0.075286865234375,0.564453125,4.0,0.0,6.040914058685303,0.080078125,6.0401611328125,,,,,,,
0,99,,,,,,,,0.08034323155879974,0.5587759017944336,4.0,0.0,6.105991363525391,0.07006384432315826,6.10518741607666
0,104,0.0706939697265625,0.554443359375,4.0,0.0,6.20935583114624,0.06640625,6.208648681640625,,,,,,,
0,109,0.0664520263671875,0.553955078125,4.0,0.0,6.129158973693848,0.068359375,6.1284942626953125,,,,,,,
0,114,0.06158447265625,0.53955078125,4.0,0.0,6.127843856811523,0.0712890625,6.127227783203125,,,,,,,
0,119,0.05352783203125,0.552734375,4.0,0.0,6.02987813949585,0.07421875,6.0293426513671875,,,,,,,
0,124,0.0444488525390625,0.534912109375,4.0,0.0,6.10612678527832,0.076171875,6.105682373046875,,,,,,,
0,129,0.0442047119140625,0.536865234375,4.0,0.0,5.954299449920654,0.0712890625,5.953857421875,,,,,,,
0,134,0.0595550537109375,0.512451171875,4.0,0.0,6.250580310821533,0.064453125,6.2499847412109375,,,,,,,
0,139,0.0386962890625,0.505859375,4.0,0.0,6.028356552124023,0.0791015625,6.0279693603515625,,,,,,,
0,144,0.0363922119140625,0.512451171875,4.0,0.0,6.0816168785095215,0.0849609375,6.0812530517578125,,,,,,,
0,149,0.0673828125,0.5244140625,4.0,0.0,5.873201847076416,0.0966796875,5.872528076171875,,,,,,,
0,154,0.0302734375,0.498046875,4.0,0.0,5.8469977378845215,0.09765625,5.8466949462890625,,,,,,,
0,159,0.0291900634765625,0.511474609375,4.0,0.0,6.048555374145508,0.0849609375,6.0482635498046875,,,,,,,
0,164,0.02508544921875,0.4921875,4.0,0.0,5.975455284118652,0.083984375,5.9752044677734375,,,,,,,
0,169,0.030242919921875,0.49072265625,4.0,0.0,6.161259651184082,0.0849609375,6.160957336425781,,,,,,,
0,174,0.02764892578125,0.47802734375,4.0,0.0,5.862131118774414,0.1025390625,5.861854553222656,,,,,,,
0,179,0.027069091796875,0.47265625,4.0,0.0,5.898715972900391,0.0947265625,5.898445129394531,,,,,,,
0,184,0.0386505126953125,0.471435546875,4.0,0.0,5.993093013763428,0.0888671875,5.992706298828125,,,,,,,
0,189,0.029052734375,0.474609375,4.0,0.0,5.812588214874268,0.1142578125,5.812297821044922,,,,,,,
0,194,0.03387451171875,0.46630859375,4.0,0.0,5.862135887145996,0.1015625,5.861797332763672,,,,,,,
0,199,0.0372467041015625,0.473388671875,4.0,0.0,6.003450870513916,0.08203125,6.003078460693359,,,,,,,
0,199,,,,,,,,0.044147297739982605,0.4736393094062805,4.0,0.0,5.819763660430908,0.10727007687091827,5.819322109222412
0,204,0.0359954833984375,0.467529296875,4.0,0.0,6.064126491546631,0.0849609375,6.0637664794921875,,,,,,,
0,209,0.0400543212890625,0.483154296875,4.0,0.0,5.878692626953125,0.0888671875,5.878292083740234,,,,,,,
0,214,0.042388916015625,0.4443359375,4.0,0.0,5.950169086456299,0.08984375,5.949745178222656,,,,,,,
0,219,0.0520477294921875,0.435791015625,4.0,0.0,5.980339050292969,0.08203125,5.979818344116211,,,,,,,
0,224,0.048675537109375,0.43212890625,4.0,0.0,6.037045001983643,0.078125,6.036558151245117,,,,,,,
0,229,0.03643798828125,0.4384765625,4.0,0.0,5.920833587646484,0.0908203125,5.920469284057617,,,,,,,
0,234,0.04046630859375,0.4228515625,4.0,0.0,6.117665767669678,0.078125,6.117260932922363,,,,,,,
0,239,0.0673370361328125,0.430908203125,4.0,0.0,6.142518997192383,0.076171875,6.141845703125,,,,,,,
0,244,0.0366668701171875,0.441162109375,4.0,0.0,5.87870454788208,0.1083984375,5.878337860107422,,,,,,,
0,249,0.048126220703125,0.41845703125,4.0,0.0,6.002842426300049,0.099609375,6.002361297607422,,,,,,,
0,254,0.0350799560546875,0.431396484375,4.0,0.0,5.833992004394531,0.109375,5.833641052246094,,,,,,,
0,259,0.037567138671875,0.4169921875,4.0,0.0,6.055846214294434,0.0966796875,6.0554704666137695,,,,,,,
0,264,0.033935546875,0.43310546875,4.0,0.0,5.8730244636535645,0.0966796875,5.872684955596924,,,,,,,
0,269,0.0440521240234375,0.430419921875,4.0,0.0,6.020352363586426,0.0751953125,6.019911766052246,,,,,,,
0,274,0.039825439453125,0.41943359375,4.0,0.0,5.7052717208862305,0.123046875,5.704873561859131,,,,,,,
0,279,0.0409393310546875,0.413818359375,4.0,0.0,5.979730129241943,0.1005859375,5.979320526123047,,,,,,,
0,284,0.0566558837890625,0.412841796875,4.0,0.0,5.675658702850342,0.125,5.6750922203063965,,,,,,,
0,289,0.0542449951171875,0.413330078125,4.0,0.0,5.484012603759766,0.1435546875,5.4834699630737305,,,,,,,
0,294,0.049835205078125,0.39208984375,4.0,0.0,5.809340476989746,0.1025390625,5.808842182159424,,,,,,,
0,299,0.0367431640625,0.3994140625,4.0,0.0,5.968638896942139,0.0869140625,5.968271255493164,,,,,,,
0,299,,,,,,,,0.05094221234321594,0.392302006483078,4.0,0.0,5.689990520477295,0.11883558332920074,5.689479351043701
0,304,0.038482666015625,0.39794921875,4.0,0.0,5.78355073928833,0.111328125,5.78316593170166,,,,,,,
0,309,0.0512542724609375,0.388916015625,4.0,0.0,5.8147873878479,0.0966796875,5.814274787902832,,,,,,,
0,314,0.0417633056640625,0.400146484375,4.0,0.0,5.755593299865723,0.123046875,5.755175590515137,,,,,,,
0,319,0.0434417724609375,0.386474609375,4.0,0.0,5.850983142852783,0.099609375,5.85054874420166,,,,,,,
0,324,0.039794921875,0.40283203125,4.0,0.0,5.785411834716797,0.0869140625,5.785013675689697,,,,,,,
0,329,0.0362701416015625,0.411376953125,4.0,0.0,5.975470542907715,0.1044921875,5.975107669830322,,,,,,,
0,334,0.03814697265625,0.40283203125,4.0,0.0,6.068546295166016,0.0849609375,6.068164825439453,,,,,,,
0,339,0.03839111328125,0.40625,4.0,0.0,5.644654273986816,0.1162109375,5.644270420074463,,,,,,,
0,344,0.04058837890625,0.39990234375,4.0,0.0,5.541512966156006,0.126953125,5.541107177734375,,,,,,,
0,349,0.04107666015625,0.41357421875,4.0,0.0,5.674142360687256,0.1181640625,5.673731803894043,,,,,,,
0,354,0.0372314453125,0.4111328125,4.0,0.0,5.7861104011535645,0.1240234375,5.785737991333008,,,,,,,
0,359,0.038604736328125,0.4189453125,4.0,0.0,5.8417649269104,0.12109375,5.841378688812256,,,,,,,
0,364,0.03887939453125,0.4013671875,4.0,0.0,5.678671360015869,0.123046875,5.678282737731934,,,,,,,
0,369,0.0395660400390625,0.406982421875,4.0,0.0,5.912296772003174,0.0986328125,5.911900997161865,,,,,,,
0,374,0.0322418212890625,0.413330078125,4.0,0.0,5.747136116027832,0.12109375,5.746813774108887,,,,,,,
0,379,0.0400848388671875,0.403076171875,4.0,0.0,5.972042083740234,0.10546875,5.9716410636901855,,,,,,,
0,384,0.0391998291015625,0.404052734375,4.0,0.0,5.670737266540527,0.134765625,5.670345306396484,,,,,,,
0,389,0.0374908447265625,0.404541015625,4.0,0.0,5.981105327606201,0.09765625,5.9807305335998535,,,,,,,
0,394,0.0439300537109375,0.403076171875,4.0,0.0,5.746054172515869,0.115234375,5.745615005493164,,,,,,,
0,399,0.0291900634765625,0.407470703125,4.0,0.0,5.76939582824707,0.111328125,5.76910400390625,,,,,,,
0,399,,,,,,,,0.04076286032795906,0.4156787693500519,4.0,0.0,5.589499473571777,0.1362069696187973,5.589094638824463
0,404,0.0328521728515625,0.412353515625,4.0,0.0,5.655416011810303,0.1259765625,5.655087471008301,,,,,,,
0,409,0.035980224609375,0.39794921875,4.0,0.0,5.545517444610596,0.1474609375,5.545157432556152,,,,,,,
0,414,0.0469970703125,0.4111328125,4.0,0.0,5.594242572784424,0.140625,5.5937724113464355,,,,,,,
0,419,0.0353240966796875,0.410888671875,4.0,0.0,6.095813751220703,0.1025390625,6.095460414886475,,,,,,,
0,424,0.032928466796875,0.427734375,4.0,0.0,5.837765216827393,0.1044921875,5.837435722351074,,,,,,,
0,429,0.0353851318359375,0.416748046875,4.0,0.0,5.816411018371582,0.107421875,5.816057205200195,,,,,,,
0,434,0.0324249267578125,0.401611328125,4.0,0.0,5.800507545471191,0.11328125,5.800183296203613,,,,,,,
0,439,0.0359039306640625,0.403564453125,4.0,0.0,5.6401777267456055,0.138671875,5.6398186683654785,,,,,,,
0,444,0.0383148193359375,0.413330078125,4.0,0.0,5.773433685302734,0.1357421875,5.773050308227539,,,,,,,
0,449,0.03436279296875,0.404296875,4.0,0.0,5.51231575012207,0.1484375,5.511971950531006,,,,,,,
0,454,0.030303955078125,0.41748046875,4.0,0.0,5.692504405975342,0.1416015625,5.692201137542725,,,,,,,
0,459,0.0325469970703125,0.405029296875,4.0,0.0,5.688411712646484,0.12890625,5.688086032867432,,,,,,,
0,464,0.03973388671875,0.416015625,4.0,0.0,5.594025135040283,0.134765625,5.5936279296875,,,,,,,
0,469,0.033660888671875,0.42138671875,4.0,0.0,5.70633602142334,0.1220703125,5.705999374389648,,,,,,,
0,474,0.0333404541015625,0.420654296875,4.0,0.0,5.746431350708008,0.134765625,5.746098041534424,,,,,,,
0,479,0.0276336669921875,0.408447265625,4.0,0.0,5.636965751647949,0.126953125,5.636689186096191,,,,,,,
0,484,0.0421905517578125,0.403564453125,4.0,0.0,5.838954925537109,0.115234375,5.8385329246521,,,,,,,
0,489,0.0347442626953125,0.424560546875,4.0,0.0,5.609628677368164,0.1416015625,5.609281063079834,,,,,,,
0,494,0.0329742431640625,0.416748046875,4.0,0.0,5.781824111938477,0.115234375,5.781494140625,,,,,,,
0,499,0.0306549072265625,0.435302734375,4.0,0.0,5.736568927764893,0.1220703125,5.736262321472168,,,,,,,
0,499,,,,,,,,0.03625239059329033,0.4285106956958771,4.0,0.0,5.491827487945557,0.15217894315719604,5.4914655685424805
0,504,0.026214599609375,0.43798828125,4.0,0.0,5.807137489318848,0.123046875,5.806875228881836,,,,,,,
0,509,0.031524658203125,0.435546875,4.0,0.0,5.777385234832764,0.1201171875,5.777070045471191,,,,,,,
0,514,0.0315399169921875,0.442626953125,4.0,0.0,5.690618991851807,0.123046875,5.690303802490234,,,,,,,
0,519,0.0333099365234375,0.427490234375,4.0,0.0,5.666844844818115,0.1484375,5.666511535644531,,,,,,,
0,524,0.0248870849609375,0.430419921875,4.0,0.0,5.834104061126709,0.125,5.833855152130127,,,,,,,
0,529,0.0297088623046875,0.423583984375,4.0,0.0,5.585835933685303,0.140625,5.585538864135742,,,,,,,
0,534,0.025634765625,0.44580078125,4.0,0.0,5.7297258377075195,0.119140625,5.729469299316406,,,,,,,
0,539,0.02777099609375,0.4287109375,4.0,0.0,5.781047821044922,0.1328125,5.780770301818848,,,,,,,
0,544,0.03472900390625,0.41796875,4.0,0.0,5.558852195739746,0.1611328125,5.558505058288574,,,,,,,
0,549,0.0301666259765625,0.429443359375,4.0,0.0,5.618350028991699,0.1484375,5.618048191070557,,,,,,,
0,554,0.0258941650390625,0.441650390625,4.0,0.0,5.666835308074951,0.1396484375,5.666576385498047,,,,,,,
0,559,0.0253753662109375,0.444091796875,4.0,0.0,5.692792892456055,0.140625,5.692539215087891,,,,,,,
0,564,0.0345611572265625,0.426513671875,4.0,0.0,5.605507850646973,0.1611328125,5.605162143707275,,,,,,,
0,569,0.0273590087890625,0.435791015625,4.0,0.0,5.455769062042236,0.1630859375,5.455495357513428,,,,,,,
0,574,0.0287628173828125,0.433349609375,4.0,0.0,5.863656044006348,0.134765625,5.863368511199951,,,,,,,
0,579,0.026824951171875,0.45751953125,4.0,0.0,5.68550443649292,0.1318359375,5.685235977172852,,,,,,,
0,584,0.02667236328125,0.44384765625,4.0,0.0,5.508739948272705,0.1552734375,5.5084733963012695,,,,,,,
0,589,0.03253173828125,0.451171875,4.0,0.0,5.410989284515381,0.1611328125,5.410664081573486,,,,,,,
0,594,0.0274200439453125,0.447509765625,4.0,0.0,5.543816089630127,0.16015625,5.54354190826416,,,,,,,
0,599,0.0318145751953125,0.448974609375,4.0,0.0,5.4920430183410645,0.1455078125,5.491724967956543,,,,,,,
0,599,,,,,,,,0.03170936927199364,0.45444634556770325,4.0,0.0,5.405668258666992,0.16547927260398865,5.405348777770996
0,604,0.0281982421875,0.45947265625,4.0,0.0,5.43312406539917,0.1748046875,5.432842254638672,,,,,,,
0,609,0.0279388427734375,0.450439453125,4.0,0.0,5.666858673095703,0.1318359375,5.666579246520996,,,,,,,
0,614,0.0238494873046875,0.463134765625,4.0,0.0,5.664593696594238,0.1474609375,5.664355278015137,,,,,,,
0,619,0.0294036865234375,0.440185546875,4.0,0.0,5.501028060913086,0.1640625,5.500733852386475,,,,,,,
0,624,0.0249176025390625,0.451416015625,4.0,0.0,5.495521545410156,0.17578125,5.495272159576416,,,,,,,
0,629,0.023223876953125,0.4521484375,4.0,0.0,5.655498504638672,0.142578125,5.655266284942627,,,,,,,
0,634,0.0277099609375,0.44287109375,4.0,0.0,5.439756870269775,0.15234375,5.439479827880859,,,,,,,
0,639,0.0269317626953125,0.456787109375,4.0,0.0,5.530333042144775,0.1689453125,5.530063629150391,,,,,,,
0,644,0.028411865234375,0.44970703125,4.0,0.0,5.311770439147949,0.1650390625,5.31148624420166,,,,,,,
0,649,0.029449462890625,0.4482421875,4.0,0.0,5.388976573944092,0.15625,5.388681888580322,,,,,,,
0,654,0.02081298828125,0.46044921875,4.0,0.0,5.686270236968994,0.115234375,5.686062335968018,,,,,,,
0,659,0.0379791259765625,0.441162109375,4.0,0.0,5.100447654724121,0.193359375,5.100068092346191,,,,,,,
0,664,0.0264434814453125,0.448974609375,4.0,0.0,5.185020923614502,0.1875,5.184756278991699,,,,,,,
0,669,0.027496337890625,0.4453125,4.0,0.0,5.580122947692871,0.154296875,5.579847812652588,,,,,,,
0,674,0.0278167724609375,0.436279296875,4.0,0.0,5.497790813446045,0.1640625,5.4975128173828125,,,,,,,
0,679,0.020721435546875,0.45654296875,4.0,0.0,5.60302209854126,0.142578125,5.602814674377441,,,,,,,
0,684,0.026763916015625,0.4443359375,4.0,0.0,5.598229885101318,0.138671875,5.597962379455566,,,,,,,
0,689,0.02886962890625,0.45751953125,4.0,0.0,5.4000325202941895,0.1669921875,5.399744033813477,,,,,,,
0,694,0.0258636474609375,0.462646484375,4.0,0.0,5.365578651428223,0.162109375,5.365320205688477,,,,,,,
0,699,0.0277557373046875,0.473388671875,4.0,0.0,5.612342834472656,0.1455078125,5.612065315246582,,,,,,,
0,699,,,,,,,,0.02935521863400936,0.4596710801124573,4.0,0.0,5.313343524932861,0.17654746770858765,5.313050746917725
0,704,0.07187500596046448,0.4632812440395355,4.0,0.0,5.661693096160889,0.16875000298023224,5.660974502563477,,,,,,,
1,709,0.023406982421875,0.45068359375,4.0,0.0,5.436882972717285,0.15234375,5.436648845672607,,,,,,,
1,714,0.027069091796875,0.44873046875,4.0,0.0,5.207679748535156,0.1796875,5.207408905029297,,,,,,,
1,719,0.0280609130859375,0.452392578125,4.0,0.0,5.38416051864624,0.1669921875,5.383880138397217,,,,,,,
1,724,0.0202789306640625,0.460693359375,4.0,0.0,5.464157581329346,0.15234375,5.463954925537109,,,,,,,
1,729,0.0231170654296875,0.464111328125,4.0,0.0,5.366469860076904,0.1689453125,5.366238594055176,,,,,,,
1,734,0.025054931640625,0.46142578125,4.0,0.0,5.281280994415283,0.17578125,5.281030654907227,,,,,,,
1,739,0.019927978515625,0.458984375,4.0,0.0,5.712059020996094,0.1298828125,5.711859703063965,,,,,,,
1,744,0.02081298828125,0.462890625,4.0,0.0,5.34437894821167,0.1640625,5.344171047210693,,,,,,,
1,749,0.02294921875,0.46044921875,4.0,0.0,5.507895469665527,0.150390625,5.507666110992432,,,,,,,
1,754,0.021728515625,0.45654296875,4.0,0.0,5.365504264831543,0.1728515625,5.365286827087402,,,,,,,
1,759,0.029296875,0.44482421875,4.0,0.0,4.909836769104004,0.2333984375,4.909543991088867,,,,,,,
1,764,0.0187530517578125,0.468994140625,4.0,0.0,5.355433940887451,0.1513671875,5.355246543884277,,,,,,,
1,769,0.02606201171875,0.4462890625,4.0,0.0,5.1265153884887695,0.19140625,5.126254558563232,,,,,,,
1,774,0.0254364013671875,0.466064453125,4.0,0.0,5.365573883056641,0.154296875,5.365319728851318,,,,,,,
1,779,0.02557373046875,0.46044921875,4.0,0.0,5.380678176879883,0.1591796875,5.380422592163086,,,,,,,
1,784,0.0243072509765625,0.461669921875,4.0,0.0,5.247228145599365,0.1591796875,5.246984958648682,,,,,,,
1,789,0.025115966796875,0.46240234375,4.0,0.0,5.009267330169678,0.2099609375,5.009016036987305,,,,,,,
1,794,0.0194549560546875,0.465087890625,4.0,0.0,5.332840442657471,0.1708984375,5.332645893096924,,,,,,,
1,799,0.0252838134765625,0.472900390625,4.0,0.0,5.5070295333862305,0.1513671875,5.506776809692383,,,,,,,
1,804,0.0215606689453125,0.462158203125,4.0,0.0,5.547080993652344,0.158203125,5.546865463256836,,,,,,,
1,804,,,,,,,,0.026957930997014046,0.4651646912097931,4.0,0.0,5.2200469970703125,0.1881014108657837,5.219778060913086
1,809,0.0257568359375,0.46630859375,4.0,0.0,5.176823139190674,0.189453125,5.176565647125244,,,,,,,
1,814,0.025604248046875,0.4658203125,4.0,0.0,5.276541233062744,0.1767578125,5.276285171508789,,,,,,,
1,819,0.0280303955078125,0.471923828125,4.0,0.0,5.439842700958252,0.1494140625,5.4395623207092285,,,,,,,
1,824,0.0213470458984375,0.466064453125,4.0,0.0,5.144277572631836,0.2041015625,5.144063949584961,,,,,,,
1,829,0.0272216796875,0.45849609375,4.0,0.0,5.033794403076172,0.2080078125,5.033522129058838,,,,,,,
1,834,0.019439697265625,0.4638671875,4.0,0.0,5.246239185333252,0.19140625,5.246044635772705,,,,,,,
1,839,0.0216522216796875,0.472900390625,4.0,0.0,5.427268981933594,0.1572265625,5.4270524978637695,,,,,,,
1,844,0.020843505859375,0.45947265625,4.0,0.0,5.418661117553711,0.166015625,5.418452739715576,,,,,,,
1,849,0.0253143310546875,0.466064453125,4.0,0.0,5.226296424865723,0.1845703125,5.226043224334717,,,,,,,
1,854,0.0220947265625,0.45458984375,4.0,0.0,4.954285144805908,0.21875,4.95406436920166,,,,,,,
1,859,0.0212554931640625,0.453369140625,4.0,0.0,5.048952102661133,0.2158203125,5.048739433288574,,,,,,,
1,864,0.0167236328125,0.4609375,4.0,0.0,5.415134429931641,0.1796875,5.414967060089111,,,,,,,
1,869,0.0240631103515625,0.466552734375,4.0,0.0,5.400428295135498,0.166015625,5.4001874923706055,,,,,,,
1,874,0.0254669189453125,0.456787109375,4.0,0.0,5.402192115783691,0.1650390625,5.401937484741211,,,,,,,
1,879,0.0238800048828125,0.469970703125,4.0,0.0,5.317267894744873,0.1787109375,5.317028999328613,,,,,,,
1,884,0.021636962890625,0.47119140625,4.0,0.0,5.234543323516846,0.1787109375,5.2343268394470215,,,,,,,
1,889,0.027435302734375,0.46630859375,4.0,0.0,5.447631359100342,0.1796875,5.447357177734375,,,,,,,
1,894,0.0226898193359375,0.473388671875,4.0,0.0,5.329202651977539,0.17578125,5.328975677490234,,,,,,,
1,899,0.024505615234375,0.46435546875,4.0,0.0,5.103916168212891,0.1796875,5.103671073913574,,,,,,,
1,904,0.02447509765625,0.46533203125,4.0,0.0,5.0552287101745605,0.2119140625,5.054984092712402,,,,,,,
1,904,,,,,,,,0.025689883157610893,0.4668098986148834,4.0,0.0,5.150912284851074,0.19561898708343506,5.150655746459961
1,909,0.0224609375,0.4609375,4.0,0.0,5.180641174316406,0.1943359375,5.180416584014893,,,,,,,
1,914,0.0197296142578125,0.479248046875,4.0,0.0,5.104912757873535,0.1982421875,5.104715347290039,,,,,,,
1,919,0.0291290283203125,0.468505859375,4.0,0.0,4.988049030303955,0.2099609375,4.987757682800293,,,,,,,
1,924,0.02606201171875,0.46630859375,4.0,0.0,5.273899078369141,0.1826171875,5.2736382484436035,,,,,,,
1,929,0.0262298583984375,0.472900390625,4.0,0.0,5.190739631652832,0.177734375,5.19047737121582,,,,,,,
1,934,0.023651123046875,0.4697265625,4.0,0.0,5.1706132888793945,0.1953125,5.170376777648926,,,,,,,
1,939,0.0199127197265625,0.473388671875,4.0,0.0,5.18701696395874,0.1826171875,5.186817646026611,,,,,,,
1,944,0.0194244384765625,0.481201171875,4.0,0.0,5.502233982086182,0.1826171875,5.502039909362793,,,,,,,
1,949,0.021697998046875,0.478515625,4.0,0.0,5.213990211486816,0.1884765625,5.213773250579834,,,,,,,
1,954,0.0235137939453125,0.472412109375,4.0,0.0,5.236870288848877,0.203125,5.236635208129883,,,,,,,
1,959,0.0240020751953125,0.471923828125,4.0,0.0,5.4113383293151855,0.1689453125,5.411098480224609,,,,,,,
1,964,0.0226593017578125,0.482177734375,4.0,0.0,5.300217628479004,0.166015625,5.299991130828857,,,,,,,
1,969,0.02227783203125,0.4697265625,4.0,0.0,5.036959171295166,0.212890625,5.036736488342285,,,,,,,
1,974,0.0216064453125,0.47412109375,4.0,0.0,5.321411609649658,0.171875,5.321195602416992,,,,,,,
1,979,0.0202484130859375,0.472900390625,4.0,0.0,5.155299663543701,0.1787109375,5.155097007751465,,,,,,,
1,984,0.0220184326171875,0.476806640625,4.0,0.0,5.119956016540527,0.1865234375,5.1197357177734375,,,,,,,
1,989,0.02264404296875,0.46826171875,4.0,0.0,5.2028117179870605,0.2119140625,5.202585220336914,,,,,,,
1,994,0.0252227783203125,0.468505859375,4.0,0.0,5.256063461303711,0.1826171875,5.2558112144470215,,,,,,,
1,999,0.024993896484375,0.46142578125,4.0,0.0,4.979881286621094,0.2021484375,4.979631423950195,,,,,,,
1,1004,0.0276947021484375,0.458251953125,4.0,0.0,5.285486221313477,0.1904296875,5.2852091789245605,,,,,,,
1,1004,,,,,,,,0.026182346045970917,0.46658146381378174,4.0,0.0,5.081898212432861,0.20292837917804718,5.081636428833008
1,1009,0.027618408203125,0.46484375,4.0,0.0,5.172726154327393,0.1689453125,5.172450065612793,,,,,,,
1,1014,0.0248260498046875,0.470947265625,4.0,0.0,5.2033305168151855,0.166015625,5.203082084655762,,,,,,,
1,1019,0.020172119140625,0.4658203125,4.0,0.0,5.0261969566345215,0.2001953125,5.025995254516602,,,,,,,
1,1024,0.01806640625,0.466796875,4.0,0.0,5.209414482116699,0.2080078125,5.20923376083374,,,,,,,
1,1029,0.02239990234375,0.4677734375,4.0,0.0,5.509758472442627,0.16015625,5.5095343589782715,,,,,,,
1,1034,0.0242462158203125,0.473388671875,4.0,0.0,5.316932678222656,0.17578125,5.316690444946289,,,,,,,
1,1039,0.0210113525390625,0.473876953125,4.0,0.0,5.051690578460693,0.2060546875,5.051480293273926,,,,,,,
1,1044,0.023040771484375,0.48681640625,4.0,0.0,5.2968831062316895,0.181640625,5.296652793884277,,,,,,,
1,1049,0.0238189697265625,0.467529296875,4.0,0.0,5.23792839050293,0.1875,5.237689971923828,,,,,,,
1,1054,0.0188751220703125,0.487060546875,4.0,0.0,5.112758159637451,0.203125,5.112569332122803,,,,,,,
1,1059,0.0188446044921875,0.476318359375,4.0,0.0,5.024079322814941,0.19921875,5.023890972137451,,,,,,,
1,1064,0.02142333984375,0.46240234375,4.0,0.0,5.148250102996826,0.2177734375,5.148036003112793,,,,,,,
1,1069,0.027557373046875,0.46240234375,4.0,0.0,4.914266586303711,0.2158203125,4.9139909744262695,,,,,,,
1,1074,0.0277099609375,0.48291015625,4.0,0.0,5.212039947509766,0.1845703125,5.21176290512085,,,,,,,
1,1079,0.0210418701171875,0.489501953125,4.0,0.0,5.074652194976807,0.1787109375,5.074441909790039,,,,,,,
1,1084,0.02215576171875,0.47705078125,4.0,0.0,5.063442707061768,0.193359375,5.063220977783203,,,,,,,
1,1089,0.02374267578125,0.48291015625,4.0,0.0,5.233880996704102,0.1875,5.233643531799316,,,,,,,
1,1094,0.0235443115234375,0.478271484375,4.0,0.0,5.132807731628418,0.2060546875,5.132572174072266,,,,,,,
1,1099,0.0222320556640625,0.471923828125,4.0,0.0,5.174666404724121,0.19140625,5.174444198608398,,,,,,,
1,1104,0.0239410400390625,0.480712890625,4.0,0.0,5.137761116027832,0.2041015625,5.137521743774414,,,,,,,
1,1104,,,,,,,,0.024556025862693787,0.4723353087902069,4.0,0.0,5.011988162994385,0.2116834819316864,5.011742115020752
1,1109,0.022430419921875,0.4853515625,4.0,0.0,4.990479469299316,0.2060546875,4.990255355834961,,,,,,,
1,1114,0.022125244140625,0.4794921875,4.0,0.0,5.13795280456543,0.208984375,5.137731552124023,,,,,,,
1,1119,0.0195159912109375,0.466064453125,4.0,0.0,5.284999370574951,0.173828125,5.284804344177246,,,,,,,
1,1124,0.020538330078125,0.48779296875,4.0,0.0,5.163590908050537,0.177734375,5.163385391235352,,,,,,,
1,1129,0.019744873046875,0.48095703125,4.0,0.0,5.367181301116943,0.17578125,5.366983890533447,,,,,,,
1,1134,0.0268402099609375,0.471923828125,4.0,0.0,5.0074357986450195,0.25,5.007167339324951,,,,,,,
1,1139,0.01947021484375,0.46826171875,4.0,0.0,5.032639980316162,0.2119140625,5.032445430755615,,,,,,,
1,1144,0.0226593017578125,0.471923828125,4.0,0.0,4.998018264770508,0.2294921875,4.997791767120361,,,,,,,
1,1149,0.024749755859375,0.47314453125,4.0,0.0,5.090181827545166,0.2041015625,5.089934349060059,,,,,,,
1,1154,0.0262451171875,0.4638671875,4.0,0.0,4.928285598754883,0.1884765625,4.928023338317871,,,,,,,
1,1159,0.0248870849609375,0.478759765625,4.0,0.0,5.206578731536865,0.1875,5.206329822540283,,,,,,,
1,1164,0.01824951171875,0.478515625,4.0,0.0,5.150583267211914,0.1884765625,5.150400638580322,,,,,,,
1,1169,0.0216827392578125,0.480712890625,4.0,0.0,4.824303150177002,0.2138671875,4.8240861892700195,,,,,,,
1,1174,0.0209503173828125,0.490478515625,4.0,0.0,4.903878688812256,0.2109375,4.903669357299805,,,,,,,
1,1179,0.02197265625,0.48486328125,4.0,0.0,5.108579635620117,0.181640625,5.1083598136901855,,,,,,,
1,1184,0.01959228515625,0.49072265625,4.0,0.0,5.1318793296813965,0.19921875,5.131683349609375,,,,,,,
1,1189,0.02178955078125,0.47265625,4.0,0.0,5.160434246063232,0.2158203125,5.160216331481934,,,,,,,
1,1194,0.02099609375,0.47900390625,4.0,0.0,4.742146015167236,0.23046875,4.741936206817627,,,,,,,
1,1199,0.0193634033203125,0.487060546875,4.0,0.0,5.125426769256592,0.2041015625,5.125233173370361,,,,,,,
1,1204,0.0223541259765625,0.477294921875,4.0,0.0,5.262225151062012,0.1787109375,5.2620015144348145,,,,,,,
1,1204,,,,,,,,0.02442028373479843,0.4806971549987793,4.0,0.0,4.942440509796143,0.21685326099395752,4.942196846008301
1,1209,0.0267791748046875,0.472900390625,4.0,0.0,4.962759971618652,0.1923828125,4.962491989135742,,,,,,,
1,1214,0.0195159912109375,0.486572265625,4.0,0.0,5.155909061431885,0.19921875,5.15571403503418,,,,,,,
1,1219,0.0201263427734375,0.491943359375,4.0,0.0,5.19378662109375,0.1875,5.193585395812988,,,,,,,
1,1224,0.0199432373046875,0.478271484375,4.0,0.0,5.154285907745361,0.2109375,5.154086589813232,,,,,,,
1,1229,0.027984619140625,0.4814453125,4.0,0.0,5.166590213775635,0.1982421875,5.1663103103637695,,,,,,,
1,1234,0.02362060546875,0.4794921875,4.0,0.0,4.969770908355713,0.2021484375,4.969534873962402,,,,,,,
1,1239,0.022918701171875,0.4697265625,4.0,0.0,5.072400093078613,0.1904296875,5.072170734405518,,,,,,,
1,1244,0.020111083984375,0.47607421875,4.0,0.0,5.181244850158691,0.1904296875,5.18104362487793,,,,,,,
1,1249,0.02130126953125,0.48046875,4.0,0.0,5.089457988739014,0.20703125,5.089244842529297,,,,,,,
1,1254,0.0223388671875,0.46923828125,4.0,0.0,5.05842399597168,0.1923828125,5.058200836181641,,,,,,,
1,1259,0.0188751220703125,0.471923828125,4.0,0.0,5.212432384490967,0.1875,5.212243556976318,,,,,,,
1,1264,0.03125,0.48828125,4.0,0.0,4.626327037811279,0.2470703125,4.626014709472656,,,,,,,
1,1269,0.0196533203125,0.48291015625,4.0,0.0,5.238147735595703,0.185546875,5.237951278686523,,,,,,,
1,1274,0.0281829833984375,0.472900390625,4.0,0.0,5.23808479309082,0.1826171875,5.237802982330322,,,,,,,
1,1279,0.0223541259765625,0.465576171875,4.0,0.0,4.969780445098877,0.2275390625,4.96955680847168,,,,,,,
1,1284,0.0224761962890625,0.469970703125,4.0,0.0,5.14284086227417,0.1796875,5.142616271972656,,,,,,,
1,1289,0.0264434814453125,0.473388671875,4.0,0.0,5.226050853729248,0.1689453125,5.225786209106445,,,,,,,
1,1294,0.0218963623046875,0.471923828125,4.0,0.0,5.2301716804504395,0.1845703125,5.229952812194824,,,,,,,
1,1299,0.022613525390625,0.47314453125,4.0,0.0,4.975003242492676,0.2060546875,4.9747772216796875,,,,,,,
1,1304,0.023681640625,0.47314453125,4.0,0.0,4.98947286605835,0.224609375,4.989235877990723,,,,,,,
1,1304,,,,,,,,0.023004336282610893,0.47923702001571655,4.0,0.0,4.900230407714844,0.22053109109401703,4.90000057220459
1,1309,0.0304718017578125,0.477783203125,4.0,0.0,5.2252631187438965,0.197265625,5.224958419799805,,,,,,,
1,1314,0.0205078125,0.474609375,4.0,0.0,5.030622959136963,0.205078125,5.0304179191589355,,,,,,,
1,1319,0.0238494873046875,0.473876953125,4.0,0.0,4.793970584869385,0.23046875,4.793732166290283,,,,,,,
1,1324,0.0264434814453125,0.481689453125,4.0,0.0,4.9260783195495605,0.2021484375,4.925813674926758,,,,,,,
1,1329,0.0187225341796875,0.487060546875,4.0,0.0,5.069028377532959,0.2119140625,5.068840980529785,,,,,,,
1,1334,0.0204620361328125,0.474853515625,4.0,0.0,5.008577823638916,0.2060546875,5.008373260498047,,,,,,,
1,1339,0.0216217041015625,0.468994140625,4.0,0.0,4.874769687652588,0.220703125,4.874553680419922,,,,,,,
1,1344,0.0254974365234375,0.462646484375,4.0,0.0,5.030240058898926,0.20703125,5.029984951019287,,,,,,,
1,1349,0.0230712890625,0.47412109375,4.0,0.0,5.006317138671875,0.2099609375,5.006086349487305,,,,,,,
1,1354,0.0228424072265625,0.482177734375,4.0,0.0,4.8012824058532715,0.2109375,4.801054000854492,,,,,,,
1,1359,0.021820068359375,0.4794921875,4.0,0.0,4.913907051086426,0.203125,4.913688659667969,,,,,,,
1,1364,0.0245819091796875,0.465576171875,4.0,0.0,4.837647914886475,0.224609375,4.837401866912842,,,,,,,
1,1369,0.02166748046875,0.478515625,4.0,0.0,5.270415306091309,0.16796875,5.270198822021484,,,,,,,
1,1374,0.0258636474609375,0.480224609375,4.0,0.0,4.8111162185668945,0.2421875,4.810857772827148,,,,,,,
1,1379,0.0262298583984375,0.479248046875,4.0,0.0,4.927737236022949,0.2333984375,4.9274749755859375,,,,,,,
1,1384,0.0277557373046875,0.491455078125,4.0,0.0,4.982509613037109,0.201171875,4.982232093811035,,,,,,,
1,1389,0.0185699462890625,0.491455078125,4.0,0.0,5.108279228210449,0.20703125,5.108093738555908,,,,,,,
1,1394,0.0245513916015625,0.468017578125,4.0,0.0,5.010117053985596,0.2158203125,5.009871482849121,,,,,,,
1,1399,0.0227508544921875,0.479736328125,4.0,0.0,4.69612455368042,0.23828125,4.695897102355957,,,,,,,
1,1404,0.021759033203125,0.47900390625,4.0,0.0,5.084483623504639,0.173828125,5.084266185760498,,,,,,,
1,1404,,,,,,,,0.025473983958363533,0.4745154082775116,4.0,0.0,4.846406936645508,0.22626757621765137,4.846152305603027
1,1409,0.04906250163912773,0.4554687440395355,4.0,0.0,5.112465858459473,0.19375000894069672,5.111975193023682,,,,,,,
2,1414,0.0217132568359375,0.469482421875,4.0,0.0,4.705647945404053,0.216796875,4.70543098449707,,,,,,,
2,1419,0.0201416015625,0.48193359375,4.0,0.0,4.966700553894043,0.2197265625,4.966499328613281,,,,,,,
2,1424,0.02777099609375,0.46923828125,4.0,0.0,4.815323829650879,0.2197265625,4.815046310424805,,,,,,,
2,1429,0.0219573974609375,0.474853515625,4.0,0.0,4.7229743003845215,0.2451171875,4.722754955291748,,,,,,,
2,1434,0.02130126953125,0.48095703125,4.0,0.0,4.607999324798584,0.2431640625,4.607786178588867,,,,,,,
2,1439,0.0185546875,0.4755859375,4.0,0.0,4.741960525512695,0.2255859375,4.741775035858154,,,,,,,
2,1444,0.0218353271484375,0.469482421875,4.0,0.0,5.031182289123535,0.189453125,5.030963897705078,,,,,,,
2,1449,0.0239715576171875,0.476806640625,4.0,0.0,4.658853054046631,0.236328125,4.658613204956055,,,,,,,
2,1454,0.0187835693359375,0.494384765625,4.0,0.0,4.85073709487915,0.2265625,4.850549221038818,,,,,,,
2,1459,0.02197265625,0.47509765625,4.0,0.0,4.782186985015869,0.251953125,4.7819671630859375,,,,,,,
2,1464,0.0227203369140625,0.470458984375,4.0,0.0,4.951315879821777,0.224609375,4.951088905334473,,,,,,,
2,1469,0.020721435546875,0.48681640625,4.0,0.0,4.761190891265869,0.2216796875,4.760983467102051,,,,,,,
2,1474,0.0212249755859375,0.487060546875,4.0,0.0,4.524682521820068,0.244140625,4.524470329284668,,,,,,,
2,1479,0.0189971923828125,0.485107421875,4.0,0.0,4.872721195220947,0.2138671875,4.872531414031982,,,,,,,
2,1484,0.0194854736328125,0.483154296875,4.0,0.0,4.812188625335693,0.208984375,4.811993598937988,,,,,,,
2,1489,0.0209808349609375,0.473388671875,4.0,0.0,4.93145751953125,0.197265625,4.931247711181641,,,,,,,
2,1494,0.02203369140625,0.46875,4.0,0.0,4.739072799682617,0.2421875,4.738852500915527,,,,,,,
2,1499,0.01898193359375,0.4794921875,4.0,0.0,4.640777587890625,0.244140625,4.64058780670166,,,,,,,
2,1504,0.026519775390625,0.484375,4.0,0.0,4.971922397613525,0.2021484375,4.9716572761535645,,,,,,,
2,1509,0.020782470703125,0.470703125,4.0,0.0,4.999009132385254,0.2138671875,4.998801231384277,,,,,,,
2,1509,,,,,,,,0.02364955097436905,0.47499826550483704,4.0,0.0,4.799154281616211,0.2317727655172348,4.7989182472229
2,1514,0.0199432373046875,0.490966796875,4.0,0.0,4.8762054443359375,0.216796875,4.876006126403809,,,,,,,
2,1519,0.02105712890625,0.48583984375,4.0,0.0,4.632119178771973,0.2373046875,4.631908416748047,,,,,,,
2,1524,0.0260162353515625,0.472900390625,4.0,0.0,5.033714294433594,0.1806640625,5.033453941345215,,,,,,,
2,1529,0.02130126953125,0.47802734375,4.0,0.0,4.870728015899658,0.212890625,4.870514869689941,,,,,,,
2,1534,0.0182647705078125,0.489501953125,4.0,0.0,4.789170742034912,0.2119140625,4.78898811340332,,,,,,,
2,1539,0.018218994140625,0.49072265625,4.0,0.0,4.93317985534668,0.203125,4.932997703552246,,,,,,,
2,1544,0.0231170654296875,0.490478515625,4.0,0.0,5.018044471740723,0.1904296875,5.017813205718994,,,,,,,
2,1549,0.0164031982421875,0.492431640625,4.0,0.0,4.891488075256348,0.2197265625,4.891324043273926,,,,,,,
2,1554,0.017822265625,0.4814453125,4.0,0.0,4.823803901672363,0.2197265625,4.823625564575195,,,,,,,
2,1559,0.016632080078125,0.4765625,4.0,0.0,5.209808349609375,0.205078125,5.209641933441162,,,,,,,
2,1564,0.020721435546875,0.46484375,4.0,0.0,4.623947620391846,0.244140625,4.623740196228027,,,,,,,
2,1569,0.0167236328125,0.4814453125,4.0,0.0,5.072000026702881,0.216796875,5.071832656860352,,,,,,,
2,1574,0.0208740234375,0.46875,4.0,0.0,4.764337539672852,0.2236328125,4.764128684997559,,,,,,,
2,1579,0.0235443115234375,0.482177734375,4.0,0.0,4.786505699157715,0.2265625,4.7862701416015625,,,,,,,
2,1584,0.019744873046875,0.48779296875,4.0,0.0,4.5175371170043945,0.2548828125,4.517339706420898,,,,,,,
2,1589,0.0257568359375,0.48974609375,4.0,0.0,4.68979024887085,0.25,4.68953275680542,,,,,,,
2,1594,0.0201263427734375,0.489013671875,4.0,0.0,4.8787431716918945,0.2099609375,4.878541946411133,,,,,,,
2,1599,0.023345947265625,0.48876953125,4.0,0.0,4.902706146240234,0.220703125,4.902472496032715,,,,,,,
2,1604,0.0219573974609375,0.474365234375,4.0,0.0,4.577837944030762,0.2421875,4.577618598937988,,,,,,,
2,1609,0.0245361328125,0.4833984375,4.0,0.0,4.867275714874268,0.2197265625,4.867030143737793,,,,,,,
2,1609,,,,,,,,0.02409433387219906,0.47388219833374023,4.0,0.0,4.760551452636719,0.23341506719589233,4.760310649871826
2,1614,0.018768310546875,0.47314453125,4.0,0.0,4.546350479125977,0.2685546875,4.5461626052856445,,,,,,,
2,1619,0.02508544921875,0.47265625,4.0,0.0,5.21744441986084,0.1728515625,5.217193603515625,,,,,,,
2,1624,0.022003173828125,0.4814453125,4.0,0.0,4.912344455718994,0.212890625,4.9121246337890625,,,,,,,
2,1629,0.021881103515625,0.4765625,4.0,0.0,4.7459940910339355,0.23828125,4.74577522277832,,,,,,,
2,1634,0.0242156982421875,0.476806640625,4.0,0.0,4.797089576721191,0.228515625,4.796847343444824,,,,,,,
2,1639,0.0234832763671875,0.468505859375,4.0,0.0,4.698638439178467,0.251953125,4.698403835296631,,,,,,,
2,1644,0.01953125,0.4814453125,4.0,0.0,4.539862632751465,0.2646484375,4.539667129516602,,,,,,,
2,1649,0.0203399658203125,0.480224609375,4.0,0.0,4.717319965362549,0.248046875,4.717116355895996,,,,,,,
2,1654,0.01959228515625,0.48291015625,4.0,0.0,4.819723606109619,0.2119140625,4.819527626037598,,,,,,,
2,1659,0.0231781005859375,0.459716796875,4.0,0.0,4.6815009117126465,0.2451171875,4.68126916885376,,,,,,,
2,1664,0.0201568603515625,0.481689453125,4.0,0.0,4.742675304412842,0.2431640625,4.742473602294922,,,,,,,
2,1669,0.0242462158203125,0.481201171875,4.0,0.0,4.825491905212402,0.2041015625,4.825249671936035,,,,,,,
2,1674,0.023101806640625,0.4814453125,4.0,0.0,4.867992401123047,0.2333984375,4.867761611938477,,,,,,,
2,1679,0.018585205078125,0.47607421875,4.0,0.0,4.713294982910156,0.2314453125,4.713109016418457,,,,,,,
2,1684,0.0200347900390625,0.489013671875,4.0,0.0,4.514736175537109,0.26953125,4.514535903930664,,,,,,,
2,1689,0.01806640625,0.4921875,4.0,0.0,4.70084285736084,0.248046875,4.700662136077881,,,,,,,
2,1694,0.0234527587890625,0.488037109375,4.0,0.0,4.508190155029297,0.2509765625,4.507955551147461,,,,,,,
2,1699,0.0243682861328125,0.469970703125,4.0,0.0,5.103209972381592,0.177734375,5.10296630859375,,,,,,,
2,1704,0.0192413330078125,0.470947265625,4.0,0.0,4.85091495513916,0.2255859375,4.850722312927246,,,,,,,
2,1709,0.022552490234375,0.46826171875,4.0,0.0,4.941898822784424,0.2080078125,4.941673278808594,,,,,,,
2,1709,,,,,,,,0.022569622844457626,0.4746195077896118,4.0,0.0,4.719313621520996,0.23808753490447998,4.71908712387085
2,1714,0.0241241455078125,0.478271484375,4.0,0.0,4.717212677001953,0.2138671875,4.716971397399902,,,,,,,
2,1719,0.020843505859375,0.474609375,4.0,0.0,4.825422763824463,0.21875,4.825214385986328,,,,,,,
2,1724,0.02276611328125,0.4775390625,4.0,0.0,4.869076251983643,0.2294921875,4.86884880065918,,,,,,,
2,1729,0.021148681640625,0.4833984375,4.0,0.0,4.830139636993408,0.2255859375,4.829927921295166,,,,,,,
2,1734,0.02313232421875,0.47607421875,4.0,0.0,5.087150573730469,0.2021484375,5.08691930770874,,,,,,,
2,1739,0.022125244140625,0.49560546875,4.0,0.0,4.8654303550720215,0.2216796875,4.865209102630615,,,,,,,
2,1744,0.0210418701171875,0.494873046875,4.0,0.0,4.807086944580078,0.2060546875,4.8068766593933105,,,,,,,
2,1749,0.018157958984375,0.50146484375,4.0,0.0,4.792524814605713,0.2294921875,4.7923431396484375,,,,,,,
2,1754,0.015869140625,0.4873046875,4.0,0.0,4.870293140411377,0.2119140625,4.870134353637695,,,,,,,
2,1759,0.021728515625,0.47607421875,4.0,0.0,4.758333206176758,0.2314453125,4.758115768432617,,,,,,,
2,1764,0.0196990966796875,0.477294921875,4.0,0.0,4.493171691894531,0.26171875,4.492974758148193,,,,,,,
2,1769,0.02044677734375,0.47705078125,4.0,0.0,4.818901538848877,0.2080078125,4.818696975708008,,,,,,,
2,1774,0.0225067138671875,0.484130859375,4.0,0.0,5.055808067321777,0.18359375,5.0555830001831055,,,,,,,
2,1779,0.02142333984375,0.470703125,4.0,0.0,4.4744648933410645,0.2607421875,4.474250793457031,,,,,,,
2,1784,0.0196075439453125,0.487548828125,4.0,0.0,4.637658596038818,0.25390625,4.637462615966797,,,,,,,
2,1789,0.019744873046875,0.48388671875,4.0,0.0,4.607098579406738,0.24609375,4.606901168823242,,,,,,,
2,1794,0.0179595947265625,0.489013671875,4.0,0.0,4.635077953338623,0.2392578125,4.6348981857299805,,,,,,,
2,1799,0.0207672119140625,0.471435546875,4.0,0.0,4.797407627105713,0.240234375,4.797199726104736,,,,,,,
2,1804,0.024627685546875,0.4765625,4.0,0.0,4.980389595031738,0.208984375,4.9801435470581055,,,,,,,
2,1809,0.0194854736328125,0.474853515625,4.0,0.0,4.9609375,0.2119140625,4.960742473602295,,,,,,,
2,1809,,,,,,,,0.022736521437764168,0.48415815830230713,4.0,0.0,4.69240140914917,0.23913998901844025,4.692174911499023
2,1814,0.0198211669921875,0.485595703125,4.0,0.0,4.671396732330322,0.240234375,4.67119836807251,,,,,,,
2,1819,0.019744873046875,0.47802734375,4.0,0.0,4.688784599304199,0.2314453125,4.688587188720703,,,,,,,
2,1824,0.0233306884765625,0.496337890625,4.0,0.0,4.797731399536133,0.2099609375,4.7974982261657715,,,,,,,
2,1829,0.022491455078125,0.4892578125,4.0,0.0,4.799586772918701,0.23828125,4.799361705780029,,,,,,,
2,1834,0.020721435546875,0.47802734375,4.0,0.0,4.909693241119385,0.20703125,4.909485816955566,,,,,,,
2,1839,0.0170135498046875,0.487060546875,4.0,0.0,4.670666217803955,0.2490234375,4.670495986938477,,,,,,,
2,1844,0.0222320556640625,0.491943359375,4.0,0.0,4.76054048538208,0.2119140625,4.760318279266357,,,,,,,
2,1849,0.019989013671875,0.47900390625,4.0,0.0,4.4676594734191895,0.263671875,4.467459678649902,,,,,,,
2,1854,0.017852783203125,0.49267578125,4.0,0.0,4.591054916381836,0.2333984375,4.590876579284668,,,,,,,
2,1859,0.0167694091796875,0.482666015625,4.0,0.0,4.735820293426514,0.2216796875,4.735652446746826,,,,,,,
2,1864,0.0170440673828125,0.485107421875,4.0,0.0,4.576418399810791,0.2548828125,4.5762481689453125,,,,,,,
2,1869,0.0251312255859375,0.496337890625,4.0,0.0,4.7130961418151855,0.2236328125,4.7128448486328125,,,,,,,
2,1874,0.0294036865234375,0.487548828125,4.0,0.0,4.923553943634033,0.189453125,4.923259735107422,,,,,,,
2,1879,0.01751708984375,0.49560546875,4.0,0.0,4.9592509269714355,0.21875,4.959075927734375,,,,,,,
2,1884,0.0199127197265625,0.482177734375,4.0,0.0,4.830048561096191,0.21875,4.8298492431640625,,,,,,,
2,1889,0.01849365234375,0.4736328125,4.0,0.0,4.905960559844971,0.220703125,4.905775547027588,,,,,,,
2,1894,0.0210113525390625,0.476318359375,4.0,0.0,4.834120750427246,0.228515625,4.8339104652404785,,,,,,,
2,1899,0.0234222412109375,0.476806640625,4.0,0.0,4.688708782196045,0.21875,4.688474655151367,,,,,,,
2,1904,0.0244293212890625,0.472412109375,4.0,0.0,4.857797622680664,0.1982421875,4.857553482055664,,,,,,,
2,1909,0.0151519775390625,0.491943359375,4.0,0.0,4.726287841796875,0.2138671875,4.726136207580566,,,,,,,
2,1909,,,,,,,,0.023938998579978943,0.4827095568180084,4.0,0.0,4.6656599044799805,0.24013462662696838,4.665421485900879
2,1914,0.0228271484375,0.498046875,4.0,0.0,4.840566158294678,0.2177734375,4.840337753295898,,,,,,,
2,1919,0.02178955078125,0.4716796875,4.0,0.0,4.876089572906494,0.2158203125,4.875871658325195,,,,,,,
2,1924,0.0200347900390625,0.483154296875,4.0,0.0,4.652482032775879,0.248046875,4.652281761169434,,,,,,,
2,1929,0.0224456787109375,0.483642578125,4.0,0.0,4.688953876495361,0.2314453125,4.688729286193848,,,,,,,
2,1934,0.02423095703125,0.48779296875,4.0,0.0,4.580320358276367,0.2431640625,4.580078125,,,,,,,
2,1939,0.0209197998046875,0.495849609375,4.0,0.0,4.868026256561279,0.20703125,4.867816925048828,,,,,,,
2,1944,0.0171661376953125,0.483642578125,4.0,0.0,4.86641788482666,0.21875,4.866246223449707,,,,,,,
2,1949,0.0184326171875,0.48193359375,4.0,0.0,4.728996753692627,0.212890625,4.728812217712402,,,,,,,
2,1954,0.0200042724609375,0.487060546875,4.0,0.0,4.727527618408203,0.22265625,4.727327346801758,,,,,,,
2,1959,0.0198822021484375,0.477783203125,4.0,0.0,4.686268329620361,0.236328125,4.686069488525391,,,,,,,
2,1964,0.0229034423828125,0.486572265625,4.0,0.0,4.689922332763672,0.2236328125,4.689693450927734,,,,,,,
2,1969,0.0236663818359375,0.502197265625,4.0,0.0,4.586503982543945,0.2548828125,4.586267471313477,,,,,,,
2,1974,0.0194091796875,0.48974609375,4.0,0.0,4.467761516571045,0.251953125,4.467567443847656,,,,,,,
2,1979,0.0248870849609375,0.474853515625,4.0,0.0,4.599538803100586,0.2470703125,4.599289894104004,,,,,,,
2,1984,0.0196685791015625,0.474853515625,4.0,0.0,4.678650856018066,0.251953125,4.678454399108887,,,,,,,
2,1989,0.0189361572265625,0.487060546875,4.0,0.0,4.810107231140137,0.2294921875,4.80991792678833,,,,,,,
2,1994,0.0189056396484375,0.476318359375,4.0,0.0,4.738846302032471,0.2451171875,4.738657474517822,,,,,,,
2,1999,0.02069091796875,0.482421875,4.0,0.0,4.73033332824707,0.2099609375,4.73012638092041,,,,,,,
